timestamp,feeder_id,p_kw
2014-01-01T00:30:00,P1,2724
2014-01-01T01:00:00,P1,2706
2014-01-01T01:30:00,P1,2680
2014-01-01T02:00:00,P1,2664
2014-01-01T02:30:00,P1,2615
2014-01-01T03:00:00,P1,2585
2014-01-01T03:30:00,P1,2558
2014-01-01T04:00:00,P1,2537
2014-01-01T04:30:00,P1,2518
2014-01-01T05:00:00,P1,2462
2014-01-01T05:30:00,P1,2443
2014-01-01T06:00:00,P1,2418
2014-01-01T06:30:00,P1,2389
2014-01-01T07:00:00,P1,2384
2014-01-01T07:30:00,P1,2360
2014-01-01T08:00:00,P1,2357
2014-01-01T08:30:00,P1,2358
2014-01-01T09:00:00,P1,2323
2014-01-01T09:30:00,P1,2332
2014-01-01T10:00:00,P1,2311
2014-01-01T10:30:00,P1,2348
2014-01-01T11:00:00,P1,2441
2014-01-01T11:30:00,P1,2501
2014-01-01T12:00:00,P1,2544
2014-01-01T12:30:00,P1,2624
2014-01-01T13:00:00,P1,2704
2014-01-01T13:30:00,P1,2790
2014-01-01T14:00:00,P1,2796
2014-01-01T14:30:00,P1,2822
2014-01-01T15:00:00,P1,2737
2014-01-01T15:30:00,P1,2707
2014-01-01T16:00:00,P1,2682
2014-01-01T16:30:00,P1,2702
2014-01-01T17:00:00,P1,2696
2014-01-01T17:30:00,P1,2735
2014-01-01T18:00:00,P1,2816
2014-01-01T18:30:00,P1,2872
2014-01-01T19:00:00,P1,2903
2014-01-01T19:30:00,P1,2947
2014-01-01T20:00:00,P1,2989
2014-01-01T20:30:00,P1,2966
2014-01-01T21:00:00,P1,2944
2014-01-01T21:30:00,P1,2980
2014-01-01T22:00:00,P1,2916
2014-01-01T22:30:00,P1,2903
2014-01-01T23:00:00,P1,2848
2014-01-01T23:30:00,P1,2815
2014-01-02T00:00:00,P1,2777
2014-01-02T00:30:00,P1,2753
2014-01-02T01:00:00,P1,2704
2014-01-02T01:30:00,P1,2621
2014-01-02T02:00:00,P1,2580
2014-01-02T02:30:00,P1,2532
2014-01-02T03:00:00,P1,2471
2014-01-02T03:30:00,P1,2389
2014-01-02T04:00:00,P1,2362
2014-01-02T04:30:00,P1,2326
2014-01-02T05:00:00,P1,2333
2014-01-02T05:30:00,P1,2315
2014-01-02T06:00:00,P1,2341
2014-01-02T06:30:00,P1,2378
2014-01-02T07:00:00,P1,2423
2014-01-02T07:30:00,P1,2444
2014-01-02T08:00:00,P1,2479
2014-01-02T08:30:00,P1,2452
2014-01-02T09:00:00,P1,2454
2014-01-02T09:30:00,P1,2525
2014-01-02T10:00:00,P1,2569
2014-01-02T10:30:00,P1,2621
2014-01-02T11:00:00,P1,2651
2014-01-02T11:30:00,P1,2707
2014-01-02T12:00:00,P1,2754
2014-01-02T12:30:00,P1,2879
2014-01-02T13:00:00,P1,2924
2014-01-02T13:30:00,P1,2934
2014-01-02T14:00:00,P1,2990
2014-01-02T14:30:00,P1,3006
2014-01-02T15:00:00,P1,2968
2014-01-02T15:30:00,P1,2941
2014-01-02T16:00:00,P1,2902
2014-01-02T16:30:00,P1,2914
2014-01-02T17:00:00,P1,2915
2014-01-02T17:30:00,P1,2974
2014-01-02T18:00:00,P1,3023
2014-01-02T18:30:00,P1,3076
2014-01-02T19:00:00,P1,3109
2014-01-02T19:30:00,P1,3145
2014-01-02T20:00:00,P1,3144
2014-01-02T20:30:00,P1,3156
2014-01-02T21:00:00,P1,3146
2014-01-02T21:30:00,P1,3182
2014-01-02T22:00:00,P1,3078
2014-01-02T22:30:00,P1,3047
2014-01-02T23:00:00,P1,3016
2014-01-02T23:30:00,P1,2986
2014-01-03T00:00:00,P1,2963
2014-01-03T00:30:00,P1,2852
2014-01-03T01:00:00,P1,2806
2014-01-03T01:30:00,P1,2749
2014-01-03T02:00:00,P1,2708
2014-01-03T02:30:00,P1,2646
2014-01-03T03:00:00,P1,2578
2014-01-03T03:30:00,P1,2525
2014-01-03T04:00:00,P1,2494
2014-01-03T04:30:00,P1,2510
2014-01-03T05:00:00,P1,2536
2014-01-03T05:30:00,P1,2522
2014-01-03T06:00:00,P1,2549
2014-01-03T06:30:00,P1,2528
2014-01-03T07:00:00,P1,2536
2014-01-03T07:30:00,P1,2591
2014-01-03T08:00:00,P1,2622
2014-01-03T08:30:00,P1,2632
2014-01-03T09:00:00,P1,2666
2014-01-03T09:30:00,P1,2672
2014-01-03T10:00:00,P1,2716
2014-01-03T10:30:00,P1,2730
2014-01-03T11:00:00,P1,2803
2014-01-03T11:30:00,P1,2839
2014-01-03T12:00:00,P1,2887
2014-01-03T12:30:00,P1,2957
2014-01-03T13:00:00,P1,2966
2014-01-03T13:30:00,P1,3012
2014-01-03T14:00:00,P1,2974
2014-01-03T14:30:00,P1,2953
2014-01-03T15:00:00,P1,2915
2014-01-03T15:30:00,P1,2902
2014-01-03T16:00:00,P1,2827
2014-01-03T16:30:00,P1,2846
2014-01-03T17:00:00,P1,2870
2014-01-03T17:30:00,P1,2930
2014-01-03T18:00:00,P1,3012
2014-01-03T18:30:00,P1,3110
2014-01-03T19:00:00,P1,3148
2014-01-03T19:30:00,P1,3130
2014-01-03T20:00:00,P1,3173
2014-01-03T20:30:00,P1,3108
2014-01-03T21:00:00,P1,3140
2014-01-03T21:30:00,P1,3155
2014-01-03T22:00:00,P1,3085
2014-01-03T22:30:00,P1,3109
2014-01-03T23:00:00,P1,3023
2014-01-03T23:30:00,P1,2993
2014-01-04T00:00:00,P1,2917
2014-01-04T00:30:00,P1,2887
2014-01-04T01:00:00,P1,2819
2014-01-04T01:30:00,P1,2750
2014-01-04T02:00:00,P1,2630
2014-01-04T02:30:00,P1,2556
2014-01-04T03:00:00,P1,2500
2014-01-04T03:30:00,P1,2479
2014-01-04T04:00:00,P1,2428
2014-01-04T04:30:00,P1,2450
2014-01-04T05:00:00,P1,2443
2014-01-04T05:30:00,P1,2473
2014-01-04T06:00:00,P1,2490
2014-01-04T06:30:00,P1,2455
2014-01-04T07:00:00,P1,2482
2014-01-04T07:30:00,P1,2566
2014-01-04T08:00:00,P1,2584
2014-01-04T08:30:00,P1,2555
2014-01-04T09:00:00,P1,2563
2014-01-04T09:30:00,P1,2586
2014-01-04T10:00:00,P1,2634
2014-01-04T10:30:00,P1,2651
2014-01-04T11:00:00,P1,2696
2014-01-04T11:30:00,P1,2716
2014-01-04T12:00:00,P1,2766
2014-01-04T12:30:00,P1,2796
2014-01-04T13:00:00,P1,2812
2014-01-04T13:30:00,P1,2842
2014-01-04T14:00:00,P1,2840
2014-01-04T14:30:00,P1,2800
2014-01-04T15:00:00,P1,2821
2014-01-04T15:30:00,P1,2755
2014-01-04T16:00:00,P1,2796
2014-01-04T16:30:00,P1,2756
2014-01-04T17:00:00,P1,2734
2014-01-04T17:30:00,P1,2778
2014-01-04T18:00:00,P1,2880
2014-01-04T18:30:00,P1,2992
2014-01-04T19:00:00,P1,3006
2014-01-04T19:30:00,P1,2992
2014-01-04T20:00:00,P1,3011
2014-01-04T20:30:00,P1,3070
2014-01-04T21:00:00,P1,3062
2014-01-04T21:30:00,P1,3085
2014-01-04T22:00:00,P1,3029
2014-01-04T22:30:00,P1,3035
2014-01-04T23:00:00,P1,2946
2014-01-04T23:30:00,P1,2932
2014-01-05T00:00:00,P1,2845
2014-01-05T00:30:00,P1,2754
2014-01-05T01:00:00,P1,2734
2014-01-05T01:30:00,P1,2620
2014-01-05T02:00:00,P1,2603
2014-01-05T02:30:00,P1,2515
2014-01-05T03:00:00,P1,2442
2014-01-05T03:30:00,P1,2412
2014-01-05T04:00:00,P1,2362
2014-01-05T04:30:00,P1,2342
2014-01-05T05:00:00,P1,2369
2014-01-05T05:30:00,P1,2393
2014-01-05T06:00:00,P1,2399
2014-01-05T06:30:00,P1,2416
2014-01-05T07:00:00,P1,2460
2014-01-05T07:30:00,P1,2482
2014-01-05T08:00:00,P1,2483
2014-01-05T08:30:00,P1,2504
2014-01-05T09:00:00,P1,2527
2014-01-05T09:30:00,P1,2520
2014-01-05T10:00:00,P1,2519
2014-01-05T10:30:00,P1,2548
2014-01-05T11:00:00,P1,2629
2014-01-05T11:30:00,P1,2657
2014-01-05T12:00:00,P1,2644
2014-01-05T12:30:00,P1,2768
2014-01-05T13:00:00,P1,2778
2014-01-05T13:30:00,P1,2760
2014-01-05T14:00:00,P1,2720
2014-01-05T14:30:00,P1,2760
2014-01-05T15:00:00,P1,2729
2014-01-05T15:30:00,P1,2720
2014-01-05T16:00:00,P1,2665
2014-01-05T16:30:00,P1,2629
2014-01-05T17:00:00,P1,2656
2014-01-05T17:30:00,P1,2693
2014-01-05T18:00:00,P1,2742
2014-01-05T18:30:00,P1,2864
2014-01-05T19:00:00,P1,2887
2014-01-05T19:30:00,P1,2965
2014-01-05T20:00:00,P1,2959
2014-01-05T20:30:00,P1,2957
2014-01-05T21:00:00,P1,2935
2014-01-05T21:30:00,P1,2945
2014-01-05T22:00:00,P1,2928
2014-01-05T22:30:00,P1,2894
2014-01-05T23:00:00,P1,2796
2014-01-05T23:30:00,P1,2764
2014-01-06T00:00:00,P1,2743
2014-01-06T00:30:00,P1,2627
2014-01-06T01:00:00,P1,2554
2014-01-06T01:30:00,P1,2472
2014-01-06T02:00:00,P1,2399
2014-01-06T02:30:00,P1,2341
2014-01-06T03:00:00,P1,2362
2014-01-06T03:30:00,P1,2333
2014-01-06T04:00:00,P1,2275
2014-01-06T04:30:00,P1,2282
2014-01-06T05:00:00,P1,2280
2014-01-06T05:30:00,P1,2273
2014-01-06T06:00:00,P1,2317
2014-01-06T06:30:00,P1,2303
2014-01-06T07:00:00,P1,2294
2014-01-06T07:30:00,P1,2371
2014-01-06T08:00:00,P1,2419
2014-01-06T08:30:00,P1,2436
2014-01-06T09:00:00,P1,2418
2014-01-06T09:30:00,P1,2446
2014-01-06T10:00:00,P1,2452
2014-01-06T10:30:00,P1,2498
2014-01-06T11:00:00,P1,2561
2014-01-06T11:30:00,P1,2614
2014-01-06T12:00:00,P1,2687
2014-01-06T12:30:00,P1,2717
2014-01-06T13:00:00,P1,2741
2014-01-06T13:30:00,P1,2779
2014-01-06T14:00:00,P1,2772
2014-01-06T14:30:00,P1,2772
2014-01-06T15:00:00,P1,2752
2014-01-06T15:30:00,P1,2743
2014-01-06T16:00:00,P1,2705
2014-01-06T16:30:00,P1,2723
2014-01-06T17:00:00,P1,2665
2014-01-06T17:30:00,P1,2644
2014-01-06T18:00:00,P1,2746
2014-01-06T18:30:00,P1,2891
2014-01-06T19:00:00,P1,2936
2014-01-06T19:30:00,P1,2945
2014-01-06T20:00:00,P1,2915
2014-01-06T20:30:00,P1,2902
2014-01-06T21:00:00,P1,2935
2014-01-06T21:30:00,P1,2946
2014-01-06T22:00:00,P1,2862
2014-01-06T22:30:00,P1,2826
2014-01-06T23:00:00,P1,2826
2014-01-06T23:30:00,P1,2777
2014-01-07T00:00:00,P1,2734
2014-01-07T00:30:00,P1,2654
2014-01-07T01:00:00,P1,2615
2014-01-07T01:30:00,P1,2512
2014-01-07T02:00:00,P1,2477
2014-01-07T02:30:00,P1,2437
2014-01-07T03:00:00,P1,2380
2014-01-07T03:30:00,P1,2365
2014-01-07T04:00:00,P1,2322
2014-01-07T04:30:00,P1,2309
2014-01-07T05:00:00,P1,2297
2014-01-07T05:30:00,P1,2291
2014-01-07T06:00:00,P1,2282
2014-01-07T06:30:00,P1,2316
2014-01-07T07:00:00,P1,2330
2014-01-07T07:30:00,P1,2390
2014-01-07T08:00:00,P1,2419
2014-01-07T08:30:00,P1,2405
2014-01-07T09:00:00,P1,2425
2014-01-07T09:30:00,P1,2396
2014-01-07T10:00:00,P1,2376
2014-01-07T10:30:00,P1,2428
2014-01-07T11:00:00,P1,2477
2014-01-07T11:30:00,P1,2524
2014-01-07T12:00:00,P1,2536
2014-01-07T12:30:00,P1,2630
2014-01-07T13:00:00,P1,2627
2014-01-07T13:30:00,P1,2612
2014-01-07T14:00:00,P1,2627
2014-01-07T14:30:00,P1,2663
2014-01-07T15:00:00,P1,2657
2014-01-07T15:30:00,P1,2520
2014-01-07T16:00:00,P1,2502
2014-01-07T16:30:00,P1,2500
2014-01-07T17:00:00,P1,2513
2014-01-07T17:30:00,P1,2570
2014-01-07T18:00:00,P1,2590
2014-01-07T18:30:00,P1,2633
2014-01-07T19:00:00,P1,2665
2014-01-07T19:30:00,P1,2680
2014-01-07T20:00:00,P1,2707
2014-01-07T20:30:00,P1,2668
2014-01-07T21:00:00,P1,2664
2014-01-07T21:30:00,P1,2686
2014-01-07T22:00:00,P1,2672
2014-01-07T22:30:00,P1,2672
2014-01-07T23:00:00,P1,2624
2014-01-07T23:30:00,P1,2600
2014-01-08T00:00:00,P1,2549
2014-01-08T00:30:00,P1,2506
2014-01-08T01:00:00,P1,2472
2014-01-08T01:30:00,P1,2405
2014-01-08T02:00:00,P1,2368
2014-01-08T02:30:00,P1,2346
2014-01-08T03:00:00,P1,2286
2014-01-08T03:30:00,P1,2206
2014-01-08T04:00:00,P1,2179
2014-01-08T04:30:00,P1,2204
2014-01-08T05:00:00,P1,2166
2014-01-08T05:30:00,P1,2178
2014-01-08T06:00:00,P1,2212
2014-01-08T06:30:00,P1,2219
2014-01-08T07:00:00,P1,2240
2014-01-08T07:30:00,P1,2275
2014-01-08T08:00:00,P1,2329
2014-01-08T08:30:00,P1,2323
2014-01-08T09:00:00,P1,2368
2014-01-08T09:30:00,P1,2351
2014-01-08T10:00:00,P1,2359
2014-01-08T10:30:00,P1,2478
2014-01-08T11:00:00,P1,2440
2014-01-08T11:30:00,P1,2443
2014-01-08T12:00:00,P1,2436
2014-01-08T12:30:00,P1,2503
2014-01-08T13:00:00,P1,2527
2014-01-08T13:30:00,P1,2498
2014-01-08T14:00:00,P1,2477
2014-01-08T14:30:00,P1,2466
2014-01-08T15:00:00,P1,2471
2014-01-08T15:30:00,P1,2486
2014-01-08T16:00:00,P1,2480
2014-01-08T16:30:00,P1,2380
2014-01-08T17:00:00,P1,2370
2014-01-08T17:30:00,P1,2468
2014-01-08T18:00:00,P1,2495
2014-01-08T18:30:00,P1,2510
2014-01-08T19:00:00,P1,2576
2014-01-08T19:30:00,P1,2606
2014-01-08T20:00:00,P1,2608
2014-01-08T20:30:00,P1,2617
2014-01-08T21:00:00,P1,2580
2014-01-08T21:30:00,P1,2568
2014-01-08T22:00:00,P1,2542
2014-01-08T22:30:00,P1,2573
2014-01-08T23:00:00,P1,2521
2014-01-08T23:30:00,P1,2510
2014-01-09T00:00:00,P1,2441
2014-01-09T00:30:00,P1,2358
2014-01-09T01:00:00,P1,2334
2014-01-09T01:30:00,P1,2248
2014-01-09T02:00:00,P1,2236
2014-01-09T02:30:00,P1,2195
2014-01-09T03:00:00,P1,2148
2014-01-09T03:30:00,P1,2129
2014-01-09T04:00:00,P1,2141
2014-01-09T04:30:00,P1,2114
2014-01-09T05:00:00,P1,2105
2014-01-09T05:30:00,P1,2136
2014-01-09T06:00:00,P1,2162
2014-01-09T06:30:00,P1,2160
2014-01-09T07:00:00,P1,2234
2014-01-09T07:30:00,P1,2251
2014-01-09T08:00:00,P1,2242
2014-01-09T08:30:00,P1,2273
2014-01-09T09:00:00,P1,2243
2014-01-09T09:30:00,P1,2308
2014-01-09T10:00:00,P1,2332
2014-01-09T10:30:00,P1,2341
2014-01-09T11:00:00,P1,2308
2014-01-09T11:30:00,P1,2334
2014-01-09T12:00:00,P1,2306
2014-01-09T12:30:00,P1,2382
2014-01-09T13:00:00,P1,2372
2014-01-09T13:30:00,P1,2405
2014-01-09T14:00:00,P1,2390
2014-01-09T14:30:00,P1,2408
2014-01-09T15:00:00,P1,2345
2014-01-09T15:30:00,P1,2329
2014-01-09T16:00:00,P1,2312
2014-01-09T16:30:00,P1,2230
2014-01-09T17:00:00,P1,2260
2014-01-09T17:30:00,P1,2338
2014-01-09T18:00:00,P1,2454
2014-01-09T18:30:00,P1,2502
2014-01-09T19:00:00,P1,2558
2014-01-09T19:30:00,P1,2574
2014-01-09T20:00:00,P1,2591
2014-01-09T20:30:00,P1,2597
2014-01-09T21:00:00,P1,2554
2014-01-09T21:30:00,P1,2582
2014-01-09T22:00:00,P1,2563
2014-01-09T22:30:00,P1,2551
2014-01-09T23:00:00,P1,2480
2014-01-09T23:30:00,P1,2444
2014-01-10T00:00:00,P1,2416
2014-01-10T00:30:00,P1,2340
2014-01-10T01:00:00,P1,2288
2014-01-10T01:30:00,P1,2197
2014-01-10T02:00:00,P1,2165
2014-01-10T02:30:00,P1,2148
2014-01-10T03:00:00,P1,2117
2014-01-10T03:30:00,P1,2092
2014-01-10T04:00:00,P1,2072
2014-01-10T04:30:00,P1,2086
2014-01-10T05:00:00,P1,2074
2014-01-10T05:30:00,P1,2087
2014-01-10T06:00:00,P1,2120
2014-01-10T06:30:00,P1,2111
2014-01-10T07:00:00,P1,2177
2014-01-10T07:30:00,P1,2221
2014-01-10T08:00:00,P1,2298
2014-01-10T08:30:00,P1,2350
2014-01-10T09:00:00,P1,2310
2014-01-10T09:30:00,P1,2368
2014-01-10T10:00:00,P1,2382
2014-01-10T10:30:00,P1,2357
2014-01-10T11:00:00,P1,2368
2014-01-10T11:30:00,P1,2405
2014-01-10T12:00:00,P1,2371
2014-01-10T12:30:00,P1,2446
2014-01-10T13:00:00,P1,2483
2014-01-10T13:30:00,P1,2471
2014-01-10T14:00:00,P1,2486
2014-01-10T14:30:00,P1,2501
2014-01-10T15:00:00,P1,2452
2014-01-10T15:30:00,P1,2400
2014-01-10T16:00:00,P1,2383
2014-01-10T16:30:00,P1,2408
2014-01-10T17:00:00,P1,2398
2014-01-10T17:30:00,P1,2483
2014-01-10T18:00:00,P1,2545
2014-01-10T18:30:00,P1,2614
2014-01-10T19:00:00,P1,2647
2014-01-10T19:30:00,P1,2686
2014-01-10T20:00:00,P1,2712
2014-01-10T20:30:00,P1,2710
2014-01-10T21:00:00,P1,2759
2014-01-10T21:30:00,P1,2761
2014-01-10T22:00:00,P1,2692
2014-01-10T22:30:00,P1,2676
2014-01-10T23:00:00,P1,2663
2014-01-10T23:30:00,P1,2616
2014-01-11T00:00:00,P1,2568
2014-01-11T00:30:00,P1,2546
2014-01-11T01:00:00,P1,2506
2014-01-11T01:30:00,P1,2441
2014-01-11T02:00:00,P1,2383
2014-01-11T02:30:00,P1,2334
2014-01-11T03:00:00,P1,2299
2014-01-11T03:30:00,P1,2312
2014-01-11T04:00:00,P1,2298
2014-01-11T04:30:00,P1,2308
2014-01-11T05:00:00,P1,2298
2014-01-11T05:30:00,P1,2333
2014-01-11T06:00:00,P1,2351
2014-01-11T06:30:00,P1,2370
2014-01-11T07:00:00,P1,2414
2014-01-11T07:30:00,P1,2442
2014-01-11T08:00:00,P1,2482
2014-01-11T08:30:00,P1,2477
2014-01-11T09:00:00,P1,2504
2014-01-11T09:30:00,P1,2509
2014-01-11T10:00:00,P1,2546
2014-01-11T10:30:00,P1,2635
2014-01-11T11:00:00,P1,2677
2014-01-11T11:30:00,P1,2728
2014-01-11T12:00:00,P1,2743
2014-01-11T12:30:00,P1,2791
2014-01-11T13:00:00,P1,2824
2014-01-11T13:30:00,P1,2809
2014-01-11T14:00:00,P1,2840
2014-01-11T14:30:00,P1,2824
2014-01-11T15:00:00,P1,2821
2014-01-11T15:30:00,P1,2750
2014-01-11T16:00:00,P1,2731
2014-01-11T16:30:00,P1,2741
2014-01-11T17:00:00,P1,2760
2014-01-11T17:30:00,P1,2790
2014-01-11T18:00:00,P1,2842
2014-01-11T18:30:00,P1,2928
2014-01-11T19:00:00,P1,3030
2014-01-11T19:30:00,P1,3066
2014-01-11T20:00:00,P1,3032
2014-01-11T20:30:00,P1,3004
2014-01-11T21:00:00,P1,3029
2014-01-11T21:30:00,P1,2998
2014-01-11T22:00:00,P1,3031
2014-01-11T22:30:00,P1,3050
2014-01-11T23:00:00,P1,2987
2014-01-11T23:30:00,P1,2956
2014-01-12T00:00:00,P1,2870
2014-01-12T00:30:00,P1,2812
2014-01-12T01:00:00,P1,2767
2014-01-12T01:30:00,P1,2694
2014-01-12T02:00:00,P1,2675
2014-01-12T02:30:00,P1,2629
2014-01-12T03:00:00,P1,2606
2014-01-12T03:30:00,P1,2592
2014-01-12T04:00:00,P1,2556
2014-01-12T04:30:00,P1,2495
2014-01-12T05:00:00,P1,2496
2014-01-12T05:30:00,P1,2516
2014-01-12T06:00:00,P1,2543
2014-01-12T06:30:00,P1,2538
2014-01-12T07:00:00,P1,2588
2014-01-12T07:30:00,P1,2618
2014-01-12T08:00:00,P1,2618
2014-01-12T08:30:00,P1,2678
2014-01-12T09:00:00,P1,2695
2014-01-12T09:30:00,P1,2725
2014-01-12T10:00:00,P1,2704
2014-01-12T10:30:00,P1,2785
2014-01-12T11:00:00,P1,2803
2014-01-12T11:30:00,P1,2845
2014-01-12T12:00:00,P1,2836
2014-01-12T12:30:00,P1,2849
2014-01-12T13:00:00,P1,2915
2014-01-12T13:30:00,P1,2902
2014-01-12T14:00:00,P1,2886
2014-01-12T14:30:00,P1,2897
2014-01-12T15:00:00,P1,2856
2014-01-12T15:30:00,P1,2809
2014-01-12T16:00:00,P1,2851
2014-01-12T16:30:00,P1,2816
2014-01-12T17:00:00,P1,2812
2014-01-12T17:30:00,P1,2792
2014-01-12T18:00:00,P1,2878
2014-01-12T18:30:00,P1,2933
2014-01-12T19:00:00,P1,2958
2014-01-12T19:30:00,P1,2974
2014-01-12T20:00:00,P1,2996
2014-01-12T20:30:00,P1,3011
2014-01-12T21:00:00,P1,3018
2014-01-12T21:30:00,P1,3019
2014-01-12T22:00:00,P1,2963
2014-01-12T22:30:00,P1,2936
2014-01-12T23:00:00,P1,2914
2014-01-12T23:30:00,P1,2888
2014-01-13T00:00:00,P1,2866
2014-01-13T00:30:00,P1,2773
2014-01-13T01:00:00,P1,2746
2014-01-13T01:30:00,P1,2687
2014-01-13T02:00:00,P1,2660
2014-01-13T02:30:00,P1,2644
2014-01-13T03:00:00,P1,2593
2014-01-13T03:30:00,P1,2597
2014-01-13T04:00:00,P1,2546
2014-01-13T04:30:00,P1,2537
2014-01-13T05:00:00,P1,2542
2014-01-13T05:30:00,P1,2582
2014-01-13T06:00:00,P1,2622
2014-01-13T06:30:00,P1,2650
2014-01-13T07:00:00,P1,2725
2014-01-13T07:30:00,P1,2768
2014-01-13T08:00:00,P1,2820
2014-01-13T08:30:00,P1,2828
2014-01-13T09:00:00,P1,2791
2014-01-13T09:30:00,P1,2813
2014-01-13T10:00:00,P1,2890
2014-01-13T10:30:00,P1,2876
2014-01-13T11:00:00,P1,2863
2014-01-13T11:30:00,P1,2814
2014-01-13T12:00:00,P1,2851
2014-01-13T12:30:00,P1,2886
2014-01-13T13:00:00,P1,2891
2014-01-13T13:30:00,P1,2894
2014-01-13T14:00:00,P1,2875
2014-01-13T14:30:00,P1,2918
2014-01-13T15:00:00,P1,2831
2014-01-13T15:30:00,P1,2819
2014-01-13T16:00:00,P1,2818
2014-01-13T16:30:00,P1,2776
2014-01-13T17:00:00,P1,2790
2014-01-13T17:30:00,P1,2830
2014-01-13T18:00:00,P1,2906
2014-01-13T18:30:00,P1,3002
2014-01-13T19:00:00,P1,3048
2014-01-13T19:30:00,P1,3066
2014-01-13T20:00:00,P1,3066
2014-01-13T20:30:00,P1,3116
2014-01-13T21:00:00,P1,3102
2014-01-13T21:30:00,P1,3139
2014-01-13T22:00:00,P1,3100
2014-01-13T22:30:00,P1,3077
2014-01-13T23:00:00,P1,2994
2014-01-13T23:30:00,P1,2953
2014-01-14T00:00:00,P1,2914
2014-01-14T00:30:00,P1,2857
2014-01-14T01:00:00,P1,2852
2014-01-14T01:30:00,P1,2794
2014-01-14T02:00:00,P1,2716
2014-01-14T02:30:00,P1,2670
2014-01-14T03:00:00,P1,2641
2014-01-14T03:30:00,P1,2598
2014-01-14T04:00:00,P1,2602
2014-01-14T04:30:00,P1,2579
2014-01-14T05:00:00,P1,2603
2014-01-14T05:30:00,P1,2651
2014-01-14T06:00:00,P1,2690
2014-01-14T06:30:00,P1,2711
2014-01-14T07:00:00,P1,2766
2014-01-14T07:30:00,P1,2803
2014-01-14T08:00:00,P1,2874
2014-01-14T08:30:00,P1,2885
2014-01-14T09:00:00,P1,2923
2014-01-14T09:30:00,P1,2944
2014-01-14T10:00:00,P1,2916
2014-01-14T10:30:00,P1,2897
2014-01-14T11:00:00,P1,2914
2014-01-14T11:30:00,P1,2918
2014-01-14T12:00:00,P1,2904
2014-01-14T12:30:00,P1,2950
2014-01-14T13:00:00,P1,2968
2014-01-14T13:30:00,P1,2968
2014-01-14T14:00:00,P1,2981
2014-01-14T14:30:00,P1,2950
2014-01-14T15:00:00,P1,2892
2014-01-14T15:30:00,P1,2855
2014-01-14T16:00:00,P1,2849
2014-01-14T16:30:00,P1,2827
2014-01-14T17:00:00,P1,2842
2014-01-14T17:30:00,P1,2854
2014-01-14T18:00:00,P1,2920
2014-01-14T18:30:00,P1,3042
2014-01-14T19:00:00,P1,3092
2014-01-14T19:30:00,P1,3133
2014-01-14T20:00:00,P1,3196
2014-01-14T20:30:00,P1,3211
2014-01-14T21:00:00,P1,3198
2014-01-14T21:30:00,P1,3184
2014-01-14T22:00:00,P1,3179
2014-01-14T22:30:00,P1,3100
2014-01-14T23:00:00,P1,3040
2014-01-14T23:30:00,P1,3042
2014-01-15T00:00:00,P1,2999
2014-01-15T00:30:00,P1,2968
2014-01-15T01:00:00,P1,2928
2014-01-15T01:30:00,P1,2863
2014-01-15T02:00:00,P1,2813
2014-01-15T02:30:00,P1,2760
2014-01-15T03:00:00,P1,2710
2014-01-15T03:30:00,P1,2692
2014-01-15T04:00:00,P1,2696
2014-01-15T04:30:00,P1,2710
2014-01-15T05:00:00,P1,2702
2014-01-15T05:30:00,P1,2748
2014-01-15T06:00:00,P1,2780
2014-01-15T06:30:00,P1,2794
2014-01-15T07:00:00,P1,2854
2014-01-15T07:30:00,P1,2939
2014-01-15T08:00:00,P1,2966
2014-01-15T08:30:00,P1,2998
2014-01-15T09:00:00,P1,3040
2014-01-15T09:30:00,P1,3032
2014-01-15T10:00:00,P1,3014
2014-01-15T10:30:00,P1,3011
2014-01-15T11:00:00,P1,2998
2014-01-15T11:30:00,P1,2990
2014-01-15T12:00:00,P1,2983
2014-01-15T12:30:00,P1,3046
2014-01-15T13:00:00,P1,3095
2014-01-15T13:30:00,P1,3085
2014-01-15T14:00:00,P1,3062
2014-01-15T14:30:00,P1,3035
2014-01-15T15:00:00,P1,2960
2014-01-15T15:30:00,P1,2934
2014-01-15T16:00:00,P1,2947
2014-01-15T16:30:00,P1,2952
2014-01-15T17:00:00,P1,2977
2014-01-15T17:30:00,P1,2964
2014-01-15T18:00:00,P1,3007
2014-01-15T18:30:00,P1,3086
2014-01-15T19:00:00,P1,3168
2014-01-15T19:30:00,P1,3226
2014-01-15T20:00:00,P1,3205
2014-01-15T20:30:00,P1,3200
2014-01-15T21:00:00,P1,3209
2014-01-15T21:30:00,P1,3234
2014-01-15T22:00:00,P1,3176
2014-01-15T22:30:00,P1,3128
2014-01-15T23:00:00,P1,3100
2014-01-15T23:30:00,P1,3121
2014-01-16T00:00:00,P1,3061
2014-01-16T00:30:00,P1,3004
2014-01-16T01:00:00,P1,2974
2014-01-16T01:30:00,P1,2857
2014-01-16T02:00:00,P1,2834
2014-01-16T02:30:00,P1,2790
2014-01-16T03:00:00,P1,2758
2014-01-16T03:30:00,P1,2728
2014-01-16T04:00:00,P1,2734
2014-01-16T04:30:00,P1,2755
2014-01-16T05:00:00,P1,2744
2014-01-16T05:30:00,P1,2767
2014-01-16T06:00:00,P1,2803
2014-01-16T06:30:00,P1,2845
2014-01-16T07:00:00,P1,2922
2014-01-16T07:30:00,P1,2971
2014-01-16T08:00:00,P1,2994
2014-01-16T08:30:00,P1,3016
2014-01-16T09:00:00,P1,2995
2014-01-16T09:30:00,P1,3050
2014-01-16T10:00:00,P1,3030
2014-01-16T10:30:00,P1,3032
2014-01-16T11:00:00,P1,2990
2014-01-16T11:30:00,P1,2952
2014-01-16T12:00:00,P1,2960
2014-01-16T12:30:00,P1,2965
2014-01-16T13:00:00,P1,2909
2014-01-16T13:30:00,P1,2938
2014-01-16T14:00:00,P1,2905
2014-01-16T14:30:00,P1,2897
2014-01-16T15:00:00,P1,2891
2014-01-16T15:30:00,P1,2911
2014-01-16T16:00:00,P1,2873
2014-01-16T16:30:00,P1,2923
2014-01-16T17:00:00,P1,2910
2014-01-16T17:30:00,P1,2954
2014-01-16T18:00:00,P1,3016
2014-01-16T18:30:00,P1,3056
2014-01-16T19:00:00,P1,3162
2014-01-16T19:30:00,P1,3259
2014-01-16T20:00:00,P1,3270
2014-01-16T20:30:00,P1,3272
2014-01-16T21:00:00,P1,3272
2014-01-16T21:30:00,P1,3290
2014-01-16T22:00:00,P1,3235
2014-01-16T22:30:00,P1,3198
2014-01-16T23:00:00,P1,3187
2014-01-16T23:30:00,P1,3130
2014-01-17T00:00:00,P1,3080
2014-01-17T00:30:00,P1,3035
2014-01-17T01:00:00,P1,3010
2014-01-17T01:30:00,P1,2924
2014-01-17T02:00:00,P1,2878
2014-01-17T02:30:00,P1,2861
2014-01-17T03:00:00,P1,2830
2014-01-17T03:30:00,P1,2784
2014-01-17T04:00:00,P1,2800
2014-01-17T04:30:00,P1,2786
2014-01-17T05:00:00,P1,2786
2014-01-17T05:30:00,P1,2861
2014-01-17T06:00:00,P1,2854
2014-01-17T06:30:00,P1,2867
2014-01-01T00:30:00,P2,2333
2014-01-01T01:00:00,P2,2322
2014-01-01T01:30:00,P2,2280
2014-01-01T02:00:00,P2,2298
2014-01-01T02:30:00,P2,2243
2014-01-01T03:00:00,P2,2196
2014-01-01T03:30:00,P2,2167
2014-01-01T04:00:00,P2,2114
2014-01-01T04:30:00,P2,2081
2014-01-01T05:00:00,P2,2051
2014-01-01T05:30:00,P2,2006
2014-01-01T06:00:00,P2,1998
2014-01-01T06:30:00,P2,1970
2014-01-01T07:00:00,P2,1969
2014-01-01T07:30:00,P2,1983
2014-01-01T08:00:00,P2,2002
2014-01-01T08:30:00,P2,2002
2014-01-01T09:00:00,P2,2002
2014-01-01T09:30:00,P2,2004
2014-01-01T10:00:00,P2,2051
2014-01-01T10:30:00,P2,2091
2014-01-01T11:00:00,P2,2128
2014-01-01T11:30:00,P2,2150
2014-01-01T12:00:00,P2,2173
2014-01-01T12:30:00,P2,2198
2014-01-01T13:00:00,P2,2236
2014-01-01T13:30:00,P2,2255
2014-01-01T14:00:00,P2,2279
2014-01-01T14:30:00,P2,2254
2014-01-01T15:00:00,P2,2223
2014-01-01T15:30:00,P2,2238
2014-01-01T16:00:00,P2,2266
2014-01-01T16:30:00,P2,2296
2014-01-01T17:00:00,P2,2317
2014-01-01T17:30:00,P2,2363
2014-01-01T18:00:00,P2,2394
2014-01-01T18:30:00,P2,2433
2014-01-01T19:00:00,P2,2446
2014-01-01T19:30:00,P2,2459
2014-01-01T20:00:00,P2,2486
2014-01-01T20:30:00,P2,2493
2014-01-01T21:00:00,P2,2480
2014-01-01T21:30:00,P2,2507
2014-01-01T22:00:00,P2,2479
2014-01-01T22:30:00,P2,2426
2014-01-01T23:00:00,P2,2440
2014-01-01T23:30:00,P2,2374
2014-01-02T00:00:00,P2,2362
2014-01-02T00:30:00,P2,2305
2014-01-02T01:00:00,P2,2286
2014-01-02T01:30:00,P2,2246
2014-01-02T02:00:00,P2,2171
2014-01-02T02:30:00,P2,2130
2014-01-02T03:00:00,P2,2062
2014-01-02T03:30:00,P2,2041
2014-01-02T04:00:00,P2,2014
2014-01-02T04:30:00,P2,2000
2014-01-02T05:00:00,P2,1999
2014-01-02T05:30:00,P2,1966
2014-01-02T06:00:00,P2,1978
2014-01-02T06:30:00,P2,2000
2014-01-02T07:00:00,P2,2006
2014-01-02T07:30:00,P2,2058
2014-01-02T08:00:00,P2,2077
2014-01-02T08:30:00,P2,2097
2014-01-02T09:00:00,P2,2146
2014-01-02T09:30:00,P2,2205
2014-01-02T10:00:00,P2,2251
2014-01-02T10:30:00,P2,2319
2014-01-02T11:00:00,P2,2398
2014-01-02T11:30:00,P2,2439
2014-01-02T12:00:00,P2,2466
2014-01-02T12:30:00,P2,2544
2014-01-02T13:00:00,P2,2570
2014-01-02T13:30:00,P2,2536
2014-01-02T14:00:00,P2,2558
2014-01-02T14:30:00,P2,2472
2014-01-02T15:00:00,P2,2521
2014-01-02T15:30:00,P2,2514
2014-01-02T16:00:00,P2,2494
2014-01-02T16:30:00,P2,2522
2014-01-02T17:00:00,P2,2597
2014-01-02T17:30:00,P2,2626
2014-01-02T18:00:00,P2,2672
2014-01-02T18:30:00,P2,2671
2014-01-02T19:00:00,P2,2696
2014-01-02T19:30:00,P2,2653
2014-01-02T20:00:00,P2,2629
2014-01-02T20:30:00,P2,2600
2014-01-02T21:00:00,P2,2608
2014-01-02T21:30:00,P2,2592
2014-01-02T22:00:00,P2,2587
2014-01-02T22:30:00,P2,2566
2014-01-02T23:00:00,P2,2602
2014-01-02T23:30:00,P2,2563
2014-01-03T00:00:00,P2,2502
2014-01-03T00:30:00,P2,2450
2014-01-03T01:00:00,P2,2395
2014-01-03T01:30:00,P2,2355
2014-01-03T02:00:00,P2,2309
2014-01-03T02:30:00,P2,2242
2014-01-03T03:00:00,P2,2225
2014-01-03T03:30:00,P2,2230
2014-01-03T04:00:00,P2,2166
2014-01-03T04:30:00,P2,2100
2014-01-03T05:00:00,P2,2118
2014-01-03T05:30:00,P2,2111
2014-01-03T06:00:00,P2,2127
2014-01-03T06:30:00,P2,2116
2014-01-03T07:00:00,P2,2129
2014-01-03T07:30:00,P2,2182
2014-01-03T08:00:00,P2,2240
2014-01-03T08:30:00,P2,2268
2014-01-03T09:00:00,P2,2326
2014-01-03T09:30:00,P2,2393
2014-01-03T10:00:00,P2,2428
2014-01-03T10:30:00,P2,2509
2014-01-03T11:00:00,P2,2592
2014-01-03T11:30:00,P2,2611
2014-01-03T12:00:00,P2,2602
2014-01-03T12:30:00,P2,2641
2014-01-03T13:00:00,P2,2626
2014-01-03T13:30:00,P2,2614
2014-01-03T14:00:00,P2,2643
2014-01-03T14:30:00,P2,2617
2014-01-03T15:00:00,P2,2584
2014-01-03T15:30:00,P2,2593
2014-01-03T16:00:00,P2,2601
2014-01-03T16:30:00,P2,2586
2014-01-03T17:00:00,P2,2621
2014-01-03T17:30:00,P2,2622
2014-01-03T18:00:00,P2,2662
2014-01-03T18:30:00,P2,2685
2014-01-03T19:00:00,P2,2650
2014-01-03T19:30:00,P2,2679
2014-01-03T20:00:00,P2,2647
2014-01-03T20:30:00,P2,2604
2014-01-03T21:00:00,P2,2593
2014-01-03T21:30:00,P2,2596
2014-01-03T22:00:00,P2,2572
2014-01-03T22:30:00,P2,2557
2014-01-03T23:00:00,P2,2557
2014-01-03T23:30:00,P2,2468
2014-01-04T00:00:00,P2,2437
2014-01-04T00:30:00,P2,2392
2014-01-04T01:00:00,P2,2322
2014-01-04T01:30:00,P2,2270
2014-01-04T02:00:00,P2,2264
2014-01-04T02:30:00,P2,2229
2014-01-04T03:00:00,P2,2186
2014-01-04T03:30:00,P2,2206
2014-01-04T04:00:00,P2,2157
2014-01-04T04:30:00,P2,2095
2014-01-04T05:00:00,P2,2066
2014-01-04T05:30:00,P2,2071
2014-01-04T06:00:00,P2,2090
2014-01-04T06:30:00,P2,2086
2014-01-04T07:00:00,P2,2128
2014-01-04T07:30:00,P2,2142
2014-01-04T08:00:00,P2,2217
2014-01-04T08:30:00,P2,2311
2014-01-04T09:00:00,P2,2455
2014-01-04T09:30:00,P2,2500
2014-01-04T10:00:00,P2,2540
2014-01-04T10:30:00,P2,2578
2014-01-04T11:00:00,P2,2657
2014-01-04T11:30:00,P2,2674
2014-01-04T12:00:00,P2,2704
2014-01-04T12:30:00,P2,2726
2014-01-04T13:00:00,P2,2758
2014-01-04T13:30:00,P2,2774
2014-01-04T14:00:00,P2,2731
2014-01-04T14:30:00,P2,2670
2014-01-04T15:00:00,P2,2676
2014-01-04T15:30:00,P2,2694
2014-01-04T16:00:00,P2,2646
2014-01-04T16:30:00,P2,2681
2014-01-04T17:00:00,P2,2680
2014-01-04T17:30:00,P2,2737
2014-01-04T18:00:00,P2,2731
2014-01-04T18:30:00,P2,2781
2014-01-04T19:00:00,P2,2796
2014-01-04T19:30:00,P2,2754
2014-01-04T20:00:00,P2,2727
2014-01-04T20:30:00,P2,2718
2014-01-04T21:00:00,P2,2706
2014-01-04T21:30:00,P2,2710
2014-01-04T22:00:00,P2,2707
2014-01-04T22:30:00,P2,2729
2014-01-04T23:00:00,P2,2655
2014-01-04T23:30:00,P2,2590
2014-01-05T00:00:00,P2,2564
2014-01-05T00:30:00,P2,2463
2014-01-05T01:00:00,P2,2402
2014-01-05T01:30:00,P2,2341
2014-01-05T02:00:00,P2,2306
2014-01-05T02:30:00,P2,2262
2014-01-05T03:00:00,P2,2246
2014-01-05T03:30:00,P2,2194
2014-01-05T04:00:00,P2,2190
2014-01-05T04:30:00,P2,2142
2014-01-05T05:00:00,P2,2098
2014-01-05T05:30:00,P2,2114
2014-01-05T06:00:00,P2,2122
2014-01-05T06:30:00,P2,2148
2014-01-05T07:00:00,P2,2122
2014-01-05T07:30:00,P2,2166
2014-01-05T08:00:00,P2,2219
2014-01-05T08:30:00,P2,2326
2014-01-05T09:00:00,P2,2338
2014-01-05T09:30:00,P2,2405
2014-01-05T10:00:00,P2,2489
2014-01-05T10:30:00,P2,2557
2014-01-05T11:00:00,P2,2584
2014-01-05T11:30:00,P2,2570
2014-01-05T12:00:00,P2,2588
2014-01-05T12:30:00,P2,2637
2014-01-05T13:00:00,P2,2605
2014-01-05T13:30:00,P2,2550
2014-01-05T14:00:00,P2,2580
2014-01-05T14:30:00,P2,2626
2014-01-05T15:00:00,P2,2605
2014-01-05T15:30:00,P2,2598
2014-01-05T16:00:00,P2,2543
2014-01-05T16:30:00,P2,2575
2014-01-05T17:00:00,P2,2570
2014-01-05T17:30:00,P2,2607
2014-01-05T18:00:00,P2,2642
2014-01-05T18:30:00,P2,2662
2014-01-05T19:00:00,P2,2642
2014-01-05T19:30:00,P2,2626
2014-01-05T20:00:00,P2,2662
2014-01-05T20:30:00,P2,2657
2014-01-05T21:00:00,P2,2614
2014-01-05T21:30:00,P2,2575
2014-01-05T22:00:00,P2,2550
2014-01-05T22:30:00,P2,2563
2014-01-05T23:00:00,P2,2526
2014-01-05T23:30:00,P2,2485
2014-01-06T00:00:00,P2,2403
2014-01-06T00:30:00,P2,2343
2014-01-06T01:00:00,P2,2271
2014-01-06T01:30:00,P2,2246
2014-01-06T02:00:00,P2,2211
2014-01-06T02:30:00,P2,2157
2014-01-06T03:00:00,P2,2109
2014-01-06T03:30:00,P2,2088
2014-01-06T04:00:00,P2,2066
2014-01-06T04:30:00,P2,2062
2014-01-06T05:00:00,P2,2043
2014-01-06T05:30:00,P2,2149
2014-01-06T06:00:00,P2,2134
2014-01-06T06:30:00,P2,2146
2014-01-06T07:00:00,P2,2129
2014-01-06T07:30:00,P2,2154
2014-01-06T08:00:00,P2,2182
2014-01-06T08:30:00,P2,2335
2014-01-06T09:00:00,P2,2489
2014-01-06T09:30:00,P2,2554
2014-01-06T10:00:00,P2,2580
2014-01-06T10:30:00,P2,2721
2014-01-06T11:00:00,P2,2790
2014-01-06T11:30:00,P2,2793
2014-01-06T12:00:00,P2,2800
2014-01-06T12:30:00,P2,2828
2014-01-06T13:00:00,P2,2778
2014-01-06T13:30:00,P2,2779
2014-01-06T14:00:00,P2,2818
2014-01-06T14:30:00,P2,2776
2014-01-06T15:00:00,P2,2801
2014-01-06T15:30:00,P2,2849
2014-01-06T16:00:00,P2,2838
2014-01-06T16:30:00,P2,2725
2014-01-06T17:00:00,P2,2806
2014-01-06T17:30:00,P2,2828
2014-01-06T18:00:00,P2,2899
2014-01-06T18:30:00,P2,2946
2014-01-06T19:00:00,P2,2952
2014-01-06T19:30:00,P2,2913
2014-01-06T20:00:00,P2,2883
2014-01-06T20:30:00,P2,2899
2014-01-06T21:00:00,P2,2878
2014-01-06T21:30:00,P2,2874
2014-01-06T22:00:00,P2,2852
2014-01-06T22:30:00,P2,2821
2014-01-06T23:00:00,P2,2778
2014-01-06T23:30:00,P2,2731
2014-01-07T00:00:00,P2,2670
2014-01-07T00:30:00,P2,2607
2014-01-07T01:00:00,P2,2534
2014-01-07T01:30:00,P2,2454
2014-01-07T02:00:00,P2,2421
2014-01-07T02:30:00,P2,2374
2014-01-07T03:00:00,P2,2348
2014-01-07T03:30:00,P2,2325
2014-01-07T04:00:00,P2,2297
2014-01-07T04:30:00,P2,2254
2014-01-07T05:00:00,P2,2238
2014-01-07T05:30:00,P2,2251
2014-01-07T06:00:00,P2,2215
2014-01-07T06:30:00,P2,2250
2014-01-07T07:00:00,P2,2286
2014-01-07T07:30:00,P2,2280
2014-01-07T08:00:00,P2,2317
2014-01-07T08:30:00,P2,2402
2014-01-07T09:00:00,P2,2513
2014-01-07T09:30:00,P2,2537
2014-01-07T10:00:00,P2,2598
2014-01-07T10:30:00,P2,2593
2014-01-07T11:00:00,P2,2646
2014-01-07T11:30:00,P2,2700
2014-01-07T12:00:00,P2,2733
2014-01-07T12:30:00,P2,2717
2014-01-07T13:00:00,P2,2660
2014-01-07T13:30:00,P2,2717
2014-01-07T14:00:00,P2,2701
2014-01-07T14:30:00,P2,2698
2014-01-07T15:00:00,P2,2698
2014-01-07T15:30:00,P2,2714
2014-01-07T16:00:00,P2,2711
2014-01-07T16:30:00,P2,2654
2014-01-07T17:00:00,P2,2691
2014-01-07T17:30:00,P2,2724
2014-01-07T18:00:00,P2,2728
2014-01-07T18:30:00,P2,2738
2014-01-07T19:00:00,P2,2682
2014-01-07T19:30:00,P2,2682
2014-01-07T20:00:00,P2,2641
2014-01-07T20:30:00,P2,2620
2014-01-07T21:00:00,P2,2666
2014-01-07T21:30:00,P2,2655
2014-01-07T22:00:00,P2,2670
2014-01-07T22:30:00,P2,2663
2014-01-07T23:00:00,P2,2665
2014-01-07T23:30:00,P2,2598
2014-01-08T00:00:00,P2,2543
2014-01-08T00:30:00,P2,2510
2014-01-08T01:00:00,P2,2439
2014-01-08T01:30:00,P2,2382
2014-01-08T02:00:00,P2,2303
2014-01-08T02:30:00,P2,2270
2014-01-08T03:00:00,P2,2242
2014-01-08T03:30:00,P2,2223
2014-01-08T04:00:00,P2,2242
2014-01-08T04:30:00,P2,2231
2014-01-08T05:00:00,P2,2195
2014-01-08T05:30:00,P2,2196
2014-01-08T06:00:00,P2,2254
2014-01-08T06:30:00,P2,2278
2014-01-08T07:00:00,P2,2239
2014-01-08T07:30:00,P2,2248
2014-01-08T08:00:00,P2,2293
2014-01-08T08:30:00,P2,2336
2014-01-08T09:00:00,P2,2443
2014-01-08T09:30:00,P2,2506
2014-01-08T10:00:00,P2,2022
2014-01-08T10:30:00,P2,1277
2014-01-08T11:00:00,P2,2058
2014-01-08T11:30:00,P2,2464
2014-01-08T12:00:00,P2,2435
2014-01-08T12:30:00,P2,2305
2014-01-08T13:00:00,P2,2260
2014-01-08T13:30:00,P2,2550
2014-01-08T14:00:00,P2,2512
2014-01-08T14:30:00,P2,2242
2014-01-08T15:00:00,P2,1489
2014-01-08T15:30:00,P2,1449
2014-01-08T16:00:00,P2,2306
2014-01-08T16:30:00,P2,2623
2014-01-08T17:00:00,P2,1460
2014-01-08T17:30:00,P2,1085
2014-01-08T18:00:00,P2,1106
2014-01-08T18:30:00,P2,1104
2014-01-08T19:00:00,P2,2242
2014-01-08T19:30:00,P2,2689
2014-01-08T20:00:00,P2,2654
2014-01-08T20:30:00,P2,2681
2014-01-08T21:00:00,P2,2713
2014-01-08T21:30:00,P2,2745
2014-01-08T22:00:00,P2,2695
2014-01-08T22:30:00,P2,2673
2014-01-08T23:00:00,P2,2628
2014-01-08T23:30:00,P2,2586
2014-01-09T00:00:00,P2,2566
2014-01-09T00:30:00,P2,2442
2014-01-09T01:00:00,P2,2395
2014-01-09T01:30:00,P2,2349
2014-01-09T02:00:00,P2,2321
2014-01-09T02:30:00,P2,2268
2014-01-09T03:00:00,P2,2234
2014-01-09T03:30:00,P2,2190
2014-01-09T04:00:00,P2,2174
2014-01-09T04:30:00,P2,2139
2014-01-09T05:00:00,P2,2138
2014-01-09T05:30:00,P2,2166
2014-01-09T06:00:00,P2,2234
2014-01-09T06:30:00,P2,2249
2014-01-09T07:00:00,P2,2290
2014-01-09T07:30:00,P2,2338
2014-01-09T08:00:00,P2,2434
2014-01-09T08:30:00,P2,2632
2014-01-09T09:00:00,P2,2516
2014-01-09T09:30:00,P2,2068
2014-01-09T10:00:00,P2,2446
2014-01-09T10:30:00,P2,2535
2014-01-09T11:00:00,P2,2502
2014-01-09T11:30:00,P2,2485
2014-01-09T12:00:00,P2,2519
2014-01-09T12:30:00,P2,2458
2014-01-09T13:00:00,P2,2438
2014-01-09T13:30:00,P2,2465
2014-01-09T14:00:00,P2,2451
2014-01-09T14:30:00,P2,2467
2014-01-09T15:00:00,P2,2709
2014-01-09T15:30:00,P2,2734
2014-01-09T16:00:00,P2,2679
2014-01-09T16:30:00,P2,2653
2014-01-09T17:00:00,P2,2732
2014-01-09T17:30:00,P2,2738
2014-01-09T18:00:00,P2,2782
2014-01-09T18:30:00,P2,2772
2014-01-09T19:00:00,P2,2776
2014-01-09T19:30:00,P2,2766
2014-01-09T20:00:00,P2,2759
2014-01-09T20:30:00,P2,2706
2014-01-09T21:00:00,P2,2726
2014-01-09T21:30:00,P2,2693
2014-01-09T22:00:00,P2,2687
2014-01-09T22:30:00,P2,2634
2014-01-09T23:00:00,P2,2614
2014-01-09T23:30:00,P2,2566
2014-01-10T00:00:00,P2,2529
2014-01-10T00:30:00,P2,2436
2014-01-10T01:00:00,P2,2404
2014-01-10T01:30:00,P2,2336
2014-01-10T02:00:00,P2,2296
2014-01-10T02:30:00,P2,2270
2014-01-10T03:00:00,P2,2239
2014-01-10T03:30:00,P2,2234
2014-01-10T04:00:00,P2,2182
2014-01-10T04:30:00,P2,2177
2014-01-10T05:00:00,P2,2182
2014-01-10T05:30:00,P2,2168
2014-01-10T06:00:00,P2,2212
2014-01-10T06:30:00,P2,2306
2014-01-10T07:00:00,P2,2341
2014-01-10T07:30:00,P2,2406
2014-01-10T08:00:00,P2,2447
2014-01-10T08:30:00,P2,2571
2014-01-10T09:00:00,P2,2662
2014-01-10T09:30:00,P2,2710
2014-01-10T10:00:00,P2,2745
2014-01-10T10:30:00,P2,2756
2014-01-10T11:00:00,P2,2796
2014-01-10T11:30:00,P2,2804
2014-01-10T12:00:00,P2,2792
2014-01-10T12:30:00,P2,2871
2014-01-10T13:00:00,P2,2845
2014-01-10T13:30:00,P2,2805
2014-01-10T14:00:00,P2,2736
2014-01-10T14:30:00,P2,2729
2014-01-10T15:00:00,P2,2734
2014-01-10T15:30:00,P2,2725
2014-01-10T16:00:00,P2,2746
2014-01-10T16:30:00,P2,2746
2014-01-10T17:00:00,P2,2735
2014-01-10T17:30:00,P2,2742
2014-01-10T18:00:00,P2,2785
2014-01-10T18:30:00,P2,2816
2014-01-10T19:00:00,P2,2839
2014-01-10T19:30:00,P2,2846
2014-01-10T20:00:00,P2,2838
2014-01-10T20:30:00,P2,2838
2014-01-10T21:00:00,P2,2859
2014-01-10T21:30:00,P2,2850
2014-01-10T22:00:00,P2,2792
2014-01-10T22:30:00,P2,2804
2014-01-10T23:00:00,P2,2754
2014-01-10T23:30:00,P2,2722
2014-01-11T00:00:00,P2,2698
2014-01-11T00:30:00,P2,2626
2014-01-11T01:00:00,P2,2544
2014-01-11T01:30:00,P2,2463
2014-01-11T02:00:00,P2,2411
2014-01-11T02:30:00,P2,2347
2014-01-11T03:00:00,P2,2330
2014-01-11T03:30:00,P2,2338
2014-01-11T04:00:00,P2,2306
2014-01-11T04:30:00,P2,2287
2014-01-11T05:00:00,P2,2298
2014-01-11T05:30:00,P2,2292
2014-01-11T06:00:00,P2,2317
2014-01-11T06:30:00,P2,2270
2014-01-11T07:00:00,P2,2232
2014-01-11T07:30:00,P2,2281
2014-01-11T08:00:00,P2,2334
2014-01-11T08:30:00,P2,2442
2014-01-11T09:00:00,P2,2474
2014-01-11T09:30:00,P2,2590
2014-01-11T10:00:00,P2,2574
2014-01-11T10:30:00,P2,2606
2014-01-11T11:00:00,P2,2656
2014-01-11T11:30:00,P2,2702
2014-01-11T12:00:00,P2,2735
2014-01-11T12:30:00,P2,2772
2014-01-11T13:00:00,P2,2798
2014-01-11T13:30:00,P2,2726
2014-01-11T14:00:00,P2,2739
2014-01-11T14:30:00,P2,2742
2014-01-11T15:00:00,P2,2790
2014-01-11T15:30:00,P2,2802
2014-01-11T16:00:00,P2,2762
2014-01-11T16:30:00,P2,2790
2014-01-11T17:00:00,P2,2791
2014-01-11T17:30:00,P2,2774
2014-01-11T18:00:00,P2,2848
2014-01-11T18:30:00,P2,2898
2014-01-11T19:00:00,P2,2892
2014-01-11T19:30:00,P2,2880
2014-01-11T20:00:00,P2,2863
2014-01-11T20:30:00,P2,2847
2014-01-11T21:00:00,P2,2814
2014-01-11T21:30:00,P2,2796
2014-01-11T22:00:00,P2,2797
2014-01-11T22:30:00,P2,2798
2014-01-11T23:00:00,P2,2784
2014-01-11T23:30:00,P2,2752
2014-01-12T00:00:00,P2,2716
2014-01-12T00:30:00,P2,2656
2014-01-12T01:00:00,P2,2622
2014-01-12T01:30:00,P2,2542
2014-01-12T02:00:00,P2,2480
2014-01-12T02:30:00,P2,2441
2014-01-12T03:00:00,P2,2406
2014-01-12T03:30:00,P2,2378
2014-01-12T04:00:00,P2,2358
2014-01-12T04:30:00,P2,2338
2014-01-12T05:00:00,P2,2330
2014-01-12T05:30:00,P2,2343
2014-01-12T06:00:00,P2,2314
2014-01-12T06:30:00,P2,2358
2014-01-12T07:00:00,P2,2375
2014-01-12T07:30:00,P2,2442
2014-01-12T08:00:00,P2,2467
2014-01-12T08:30:00,P2,2591
2014-01-12T09:00:00,P2,2626
2014-01-12T09:30:00,P2,2673
2014-01-12T10:00:00,P2,2733
2014-01-12T10:30:00,P2,2745
2014-01-12T11:00:00,P2,2789
2014-01-12T11:30:00,P2,2805
2014-01-12T12:00:00,P2,2822
2014-01-12T12:30:00,P2,2843
2014-01-12T13:00:00,P2,2848
2014-01-12T13:30:00,P2,2857
2014-01-12T14:00:00,P2,2821
2014-01-12T14:30:00,P2,2838
2014-01-12T15:00:00,P2,2827
2014-01-12T15:30:00,P2,2793
2014-01-12T16:00:00,P2,2789
2014-01-12T16:30:00,P2,2729
2014-01-12T17:00:00,P2,2770
2014-01-12T17:30:00,P2,2816
2014-01-12T18:00:00,P2,2818
2014-01-12T18:30:00,P2,2934
2014-01-12T19:00:00,P2,2955
2014-01-12T19:30:00,P2,2910
2014-01-12T20:00:00,P2,2934
2014-01-12T20:30:00,P2,2906
2014-01-12T21:00:00,P2,2887
2014-01-12T21:30:00,P2,2874
2014-01-12T22:00:00,P2,2879
2014-01-12T22:30:00,P2,2891
2014-01-12T23:00:00,P2,2861
2014-01-12T23:30:00,P2,2791
2014-01-13T00:00:00,P2,2750
2014-01-13T00:30:00,P2,2682
2014-01-13T01:00:00,P2,2662
2014-01-13T01:30:00,P2,2598
2014-01-13T02:00:00,P2,2524
2014-01-13T02:30:00,P2,2497
2014-01-13T03:00:00,P2,2466
2014-01-13T03:30:00,P2,2441
2014-01-13T04:00:00,P2,2409
2014-01-13T04:30:00,P2,2390
2014-01-13T05:00:00,P2,2384
2014-01-13T05:30:00,P2,2409
2014-01-13T06:00:00,P2,2396
2014-01-13T06:30:00,P2,2478
2014-01-13T07:00:00,P2,2600
2014-01-13T07:30:00,P2,2766
2014-01-13T08:00:00,P2,2852
2014-01-13T08:30:00,P2,3029
2014-01-13T09:00:00,P2,3138
2014-01-13T09:30:00,P2,3130
2014-01-13T10:00:00,P2,3082
2014-01-13T10:30:00,P2,3096
2014-01-13T11:00:00,P2,3042
2014-01-13T11:30:00,P2,3022
2014-01-13T12:00:00,P2,3034
2014-01-13T12:30:00,P2,2990
2014-01-13T13:00:00,P2,2989
2014-01-13T13:30:00,P2,2955
2014-01-13T14:00:00,P2,2976
2014-01-13T14:30:00,P2,3011
2014-01-13T15:00:00,P2,2940
2014-01-13T15:30:00,P2,2945
2014-01-13T16:00:00,P2,2943
2014-01-13T16:30:00,P2,2941
2014-01-13T17:00:00,P2,2966
2014-01-13T17:30:00,P2,3006
2014-01-13T18:00:00,P2,3058
2014-01-13T18:30:00,P2,3146
2014-01-13T19:00:00,P2,3128
2014-01-13T19:30:00,P2,3107
2014-01-13T20:00:00,P2,3118
2014-01-13T20:30:00,P2,3083
2014-01-13T21:00:00,P2,3074
2014-01-13T21:30:00,P2,3086
2014-01-13T22:00:00,P2,3048
2014-01-13T22:30:00,P2,3056
2014-01-13T23:00:00,P2,2997
2014-01-13T23:30:00,P2,2983
2014-01-14T00:00:00,P2,2987
2014-01-14T00:30:00,P2,2927
2014-01-14T01:00:00,P2,2862
2014-01-14T01:30:00,P2,2786
2014-01-14T02:00:00,P2,2730
2014-01-14T02:30:00,P2,2701
2014-01-14T03:00:00,P2,2654
2014-01-14T03:30:00,P2,2648
2014-01-14T04:00:00,P2,2638
2014-01-14T04:30:00,P2,2630
2014-01-14T05:00:00,P2,2627
2014-01-14T05:30:00,P2,2629
2014-01-14T06:00:00,P2,2662
2014-01-14T06:30:00,P2,2718
2014-01-14T07:00:00,P2,2786
2014-01-14T07:30:00,P2,2924
2014-01-14T08:00:00,P2,2989
2014-01-14T08:30:00,P2,3123
2014-01-14T09:00:00,P2,3238
2014-01-14T09:30:00,P2,3259
2014-01-14T10:00:00,P2,3272
2014-01-14T10:30:00,P2,3262
2014-01-14T11:00:00,P2,3307
2014-01-14T11:30:00,P2,3290
2014-01-14T12:00:00,P2,3266
2014-01-14T12:30:00,P2,3230
2014-01-14T13:00:00,P2,3245
2014-01-14T13:30:00,P2,3228
2014-01-14T14:00:00,P2,3199
2014-01-14T14:30:00,P2,3142
2014-01-14T15:00:00,P2,3166
2014-01-14T15:30:00,P2,3162
2014-01-14T16:00:00,P2,3094
2014-01-14T16:30:00,P2,3105
2014-01-14T17:00:00,P2,3116
2014-01-14T17:30:00,P2,3134
2014-01-14T18:00:00,P2,3181
2014-01-14T18:30:00,P2,3177
2014-01-14T19:00:00,P2,3187
2014-01-14T19:30:00,P2,3163
2014-01-14T20:00:00,P2,3134
2014-01-14T20:30:00,P2,3154
2014-01-14T21:00:00,P2,3169
2014-01-14T21:30:00,P2,3175
2014-01-14T22:00:00,P2,3158
2014-01-14T22:30:00,P2,3148
2014-01-14T23:00:00,P2,3074
2014-01-14T23:30:00,P2,3023
2014-01-15T00:00:00,P2,3009
2014-01-15T00:30:00,P2,2934
2014-01-15T01:00:00,P2,2878
2014-01-15T01:30:00,P2,2861
2014-01-15T02:00:00,P2,2811
2014-01-15T02:30:00,P2,2787
2014-01-15T03:00:00,P2,2765
2014-01-15T03:30:00,P2,2723
2014-01-15T04:00:00,P2,2712
2014-01-15T04:30:00,P2,2696
2014-01-15T05:00:00,P2,2695
2014-01-15T05:30:00,P2,2725
2014-01-15T06:00:00,P2,2708
2014-01-15T06:30:00,P2,2755
2014-01-15T07:00:00,P2,2778
2014-01-15T07:30:00,P2,2929
2014-01-15T08:00:00,P2,3034
2014-01-15T08:30:00,P2,3174
2014-01-15T09:00:00,P2,3222
2014-01-15T09:30:00,P2,3266
2014-01-15T10:00:00,P2,3327
2014-01-15T10:30:00,P2,3326
2014-01-15T11:00:00,P2,3243
2014-01-15T11:30:00,P2,3261
2014-01-15T12:00:00,P2,3234
2014-01-15T12:30:00,P2,3186
2014-01-15T13:00:00,P2,3119
2014-01-15T13:30:00,P2,3139
2014-01-15T14:00:00,P2,3186
2014-01-15T14:30:00,P2,3158
2014-01-15T15:00:00,P2,3200
2014-01-15T15:30:00,P2,3243
2014-01-15T16:00:00,P2,3188
2014-01-15T16:30:00,P2,3114
2014-01-15T17:00:00,P2,3131
2014-01-15T17:30:00,P2,3122
2014-01-15T18:00:00,P2,3145
2014-01-15T18:30:00,P2,3199
2014-01-15T19:00:00,P2,3223
2014-01-15T19:30:00,P2,3195
2014-01-15T20:00:00,P2,3199
2014-01-15T20:30:00,P2,3230
2014-01-15T21:00:00,P2,3237
2014-01-15T21:30:00,P2,3202
2014-01-15T22:00:00,P2,3190
2014-01-15T22:30:00,P2,3154
2014-01-15T23:00:00,P2,3140
2014-01-15T23:30:00,P2,3095
2014-01-16T00:00:00,P2,3063
2014-01-16T00:30:00,P2,2984
2014-01-16T01:00:00,P2,2907
2014-01-16T01:30:00,P2,2898
2014-01-16T02:00:00,P2,2818
2014-01-16T02:30:00,P2,2821
2014-01-16T03:00:00,P2,2795
2014-01-16T03:30:00,P2,2749
2014-01-16T04:00:00,P2,2765
2014-01-16T04:30:00,P2,2757
2014-01-16T05:00:00,P2,2737
2014-01-16T05:30:00,P2,2746
2014-01-16T06:00:00,P2,2770
2014-01-16T06:30:00,P2,2821
2014-01-16T07:00:00,P2,2882
2014-01-16T07:30:00,P2,2987
2014-01-16T08:00:00,P2,3093
2014-01-16T08:30:00,P2,3234
2014-01-16T09:00:00,P2,3242
2014-01-16T09:30:00,P2,3258
2014-01-16T10:00:00,P2,3219
2014-01-16T10:30:00,P2,3234
2014-01-16T11:00:00,P2,3228
2014-01-16T11:30:00,P2,3178
2014-01-16T12:00:00,P2,3163
2014-01-16T12:30:00,P2,3218
2014-01-16T13:00:00,P2,3234
2014-01-16T13:30:00,P2,3126
2014-01-16T14:00:00,P2,3055
2014-01-16T14:30:00,P2,3109
2014-01-16T15:00:00,P2,3099
2014-01-16T15:30:00,P2,3131
2014-01-16T16:00:00,P2,3118
2014-01-16T16:30:00,P2,3118
2014-01-16T17:00:00,P2,3149
2014-01-16T17:30:00,P2,3139
2014-01-16T18:00:00,P2,3124
2014-01-16T18:30:00,P2,3210
2014-01-16T19:00:00,P2,3246
2014-01-16T19:30:00,P2,3220
2014-01-16T20:00:00,P2,3194
2014-01-16T20:30:00,P2,3203
2014-01-16T21:00:00,P2,3202
2014-01-16T21:30:00,P2,3174
2014-01-16T22:00:00,P2,3154
2014-01-16T22:30:00,P2,3134
2014-01-16T23:00:00,P2,3115
2014-01-16T23:30:00,P2,3092
2014-01-17T00:00:00,P2,3046
2014-01-17T00:30:00,P2,2986
2014-01-17T01:00:00,P2,2956
2014-01-17T01:30:00,P2,2895
2014-01-17T02:00:00,P2,2878
2014-01-17T02:30:00,P2,2822
2014-01-17T03:00:00,P2,2802
2014-01-17T03:30:00,P2,2786
2014-01-17T04:00:00,P2,2770
2014-01-17T04:30:00,P2,2762
2014-01-17T05:00:00,P2,2718
2014-01-17T05:30:00,P2,2745
2014-01-17T06:00:00,P2,2774
2014-01-17T06:30:00,P2,2867
2014-01-01T00:30:00,P4,2503
2014-01-01T01:00:00,P4,2431
2014-01-01T01:30:00,P4,2462
2014-01-01T02:00:00,P4,2486
2014-01-01T02:30:00,P4,2402
2014-01-01T03:00:00,P4,2348
2014-01-01T03:30:00,P4,2278
2014-01-01T04:00:00,P4,2297
2014-01-01T04:30:00,P4,2286
2014-01-01T05:00:00,P4,2270
2014-01-01T05:30:00,P4,2291
2014-01-01T06:00:00,P4,2220
2014-01-01T06:30:00,P4,2262
2014-01-01T07:00:00,P4,2268
2014-01-01T07:30:00,P4,2191
2014-01-01T08:00:00,P4,2210
2014-01-01T08:30:00,P4,2159
2014-01-01T09:00:00,P4,2130
2014-01-01T09:30:00,P4,2162
2014-01-01T10:00:00,P4,2191
2014-01-01T10:30:00,P4,2261
2014-01-01T11:00:00,P4,2286
2014-01-01T11:30:00,P4,2360
2014-01-01T12:00:00,P4,2366
2014-01-01T12:30:00,P4,2432
2014-01-01T13:00:00,P4,2551
2014-01-01T13:30:00,P4,2563
2014-01-01T14:00:00,P4,2557
2014-01-01T14:30:00,P4,2587
2014-01-01T15:00:00,P4,2513
2014-01-01T15:30:00,P4,2476
2014-01-01T16:00:00,P4,2473
2014-01-01T16:30:00,P4,2460
2014-01-01T17:00:00,P4,2503
2014-01-01T17:30:00,P4,2545
2014-01-01T18:00:00,P4,2603
2014-01-01T18:30:00,P4,2666
2014-01-01T19:00:00,P4,2682
2014-01-01T19:30:00,P4,2738
2014-01-01T20:00:00,P4,2743
2014-01-01T20:30:00,P4,2731
2014-01-01T21:00:00,P4,2702
2014-01-01T21:30:00,P4,2621
2014-01-01T22:00:00,P4,2632
2014-01-01T22:30:00,P4,2606
2014-01-01T23:00:00,P4,2567
2014-01-01T23:30:00,P4,2498
2014-01-02T00:00:00,P4,2500
2014-01-02T00:30:00,P4,2423
2014-01-02T01:00:00,P4,2357
2014-01-02T01:30:00,P4,2322
2014-01-02T02:00:00,P4,2292
2014-01-02T02:30:00,P4,2261
2014-01-02T03:00:00,P4,2233
2014-01-02T03:30:00,P4,2220
2014-01-02T04:00:00,P4,2194
2014-01-02T04:30:00,P4,2207
2014-01-02T05:00:00,P4,2216
2014-01-02T05:30:00,P4,2225
2014-01-02T06:00:00,P4,2198
2014-01-02T06:30:00,P4,2228
2014-01-02T07:00:00,P4,2256
2014-01-02T07:30:00,P4,2260
2014-01-02T08:00:00,P4,2238
2014-01-02T08:30:00,P4,2257
2014-01-02T09:00:00,P4,2275
2014-01-02T09:30:00,P4,2291
2014-01-02T10:00:00,P4,2368
2014-01-02T10:30:00,P4,2369
2014-01-02T11:00:00,P4,2479
2014-01-02T11:30:00,P4,2482
2014-01-02T12:00:00,P4,2551
2014-01-02T12:30:00,P4,2653
2014-01-02T13:00:00,P4,2728
2014-01-02T13:30:00,P4,2714
2014-01-02T14:00:00,P4,2708
2014-01-02T14:30:00,P4,2656
2014-01-02T15:00:00,P4,2659
2014-01-02T15:30:00,P4,2672
2014-01-02T16:00:00,P4,2663
2014-01-02T16:30:00,P4,2742
2014-01-02T17:00:00,P4,2782
2014-01-02T17:30:00,P4,2797
2014-01-02T18:00:00,P4,2874
2014-01-02T18:30:00,P4,2885
2014-01-02T19:00:00,P4,2902
2014-01-02T19:30:00,P4,2914
2014-01-02T20:00:00,P4,2950
2014-01-02T20:30:00,P4,2903
2014-01-02T21:00:00,P4,2872
2014-01-02T21:30:00,P4,2821
2014-01-02T22:00:00,P4,2778
2014-01-02T22:30:00,P4,2759
2014-01-02T23:00:00,P4,2746
2014-01-02T23:30:00,P4,2728
2014-01-03T00:00:00,P4,2722
2014-01-03T00:30:00,P4,2599
2014-01-03T01:00:00,P4,2561
2014-01-03T01:30:00,P4,2461
2014-01-03T02:00:00,P4,2470
2014-01-03T02:30:00,P4,2456
2014-01-03T03:00:00,P4,2376
2014-01-03T03:30:00,P4,2344
2014-01-03T04:00:00,P4,2324
2014-01-03T04:30:00,P4,2326
2014-01-03T05:00:00,P4,2282
2014-01-03T05:30:00,P4,2280
2014-01-03T06:00:00,P4,2273
2014-01-03T06:30:00,P4,2350
2014-01-03T07:00:00,P4,2382
2014-01-03T07:30:00,P4,2404
2014-01-03T08:00:00,P4,2392
2014-01-03T08:30:00,P4,2386
2014-01-03T09:00:00,P4,2420
2014-01-03T09:30:00,P4,2443
2014-01-03T10:00:00,P4,2488
2014-01-03T10:30:00,P4,2557
2014-01-03T11:00:00,P4,2639
2014-01-03T11:30:00,P4,2653
2014-01-03T12:00:00,P4,2650
2014-01-03T12:30:00,P4,2648
2014-01-03T13:00:00,P4,2726
2014-01-03T13:30:00,P4,2747
2014-01-03T14:00:00,P4,2702
2014-01-03T14:30:00,P4,2734
2014-01-03T15:00:00,P4,2736
2014-01-03T15:30:00,P4,2767
2014-01-03T16:00:00,P4,2761
2014-01-03T16:30:00,P4,2687
2014-01-03T17:00:00,P4,2738
2014-01-03T17:30:00,P4,2780
2014-01-03T18:00:00,P4,2852
2014-01-03T18:30:00,P4,2850
2014-01-03T19:00:00,P4,2920
2014-01-03T19:30:00,P4,2912
2014-01-03T20:00:00,P4,2884
2014-01-03T20:30:00,P4,2885
2014-01-03T21:00:00,P4,2861
2014-01-03T21:30:00,P4,2845
2014-01-03T22:00:00,P4,2795
2014-01-03T22:30:00,P4,2792
2014-01-03T23:00:00,P4,2744
2014-01-03T23:30:00,P4,2665
2014-01-04T00:00:00,P4,2644
2014-01-04T00:30:00,P4,2603
2014-01-04T01:00:00,P4,2546
2014-01-04T01:30:00,P4,2489
2014-01-04T02:00:00,P4,2442
2014-01-04T02:30:00,P4,2404
2014-01-04T03:00:00,P4,2366
2014-01-04T03:30:00,P4,2336
2014-01-04T04:00:00,P4,2316
2014-01-04T04:30:00,P4,2304
2014-01-04T05:00:00,P4,2322
2014-01-04T05:30:00,P4,2298
2014-01-04T06:00:00,P4,2328
2014-01-04T06:30:00,P4,2297
2014-01-04T07:00:00,P4,2374
2014-01-04T07:30:00,P4,2389
2014-01-04T08:00:00,P4,2353
2014-01-04T08:30:00,P4,2407
2014-01-04T09:00:00,P4,2413
2014-01-04T09:30:00,P4,2452
2014-01-04T10:00:00,P4,2557
2014-01-04T10:30:00,P4,2568
2014-01-04T11:00:00,P4,2630
2014-01-04T11:30:00,P4,2657
2014-01-04T12:00:00,P4,2641
2014-01-04T12:30:00,P4,2707
2014-01-04T13:00:00,P4,2724
2014-01-04T13:30:00,P4,2741
2014-01-04T14:00:00,P4,2750
2014-01-04T14:30:00,P4,2740
2014-01-04T15:00:00,P4,2770
2014-01-04T15:30:00,P4,2756
2014-01-04T16:00:00,P4,2730
2014-01-04T16:30:00,P4,2694
2014-01-04T17:00:00,P4,2694
2014-01-04T17:30:00,P4,2707
2014-01-04T18:00:00,P4,2755
2014-01-04T18:30:00,P4,2834
2014-01-04T19:00:00,P4,2858
2014-01-04T19:30:00,P4,2836
2014-01-04T20:00:00,P4,2815
2014-01-04T20:30:00,P4,2816
2014-01-04T21:00:00,P4,2788
2014-01-04T21:30:00,P4,2839
2014-01-04T22:00:00,P4,2820
2014-01-04T22:30:00,P4,2732
2014-01-04T23:00:00,P4,2690
2014-01-04T23:30:00,P4,2676
2014-01-05T00:00:00,P4,2641
2014-01-05T00:30:00,P4,2557
2014-01-05T01:00:00,P4,2471
2014-01-05T01:30:00,P4,2404
2014-01-05T02:00:00,P4,2323
2014-01-05T02:30:00,P4,2297
2014-01-05T03:00:00,P4,2244
2014-01-05T03:30:00,P4,2164
2014-01-05T04:00:00,P4,2144
2014-01-05T04:30:00,P4,2168
2014-01-05T05:00:00,P4,2228
2014-01-05T05:30:00,P4,2210
2014-01-05T06:00:00,P4,2168
2014-01-05T06:30:00,P4,2207
2014-01-05T07:00:00,P4,2255
2014-01-05T07:30:00,P4,2255
2014-01-05T08:00:00,P4,2280
2014-01-05T08:30:00,P4,2254
2014-01-05T09:00:00,P4,2296
2014-01-05T09:30:00,P4,2316
2014-01-05T10:00:00,P4,2448
2014-01-05T10:30:00,P4,2460
2014-01-05T11:00:00,P4,2501
2014-01-05T11:30:00,P4,2533
2014-01-05T12:00:00,P4,2556
2014-01-05T12:30:00,P4,2562
2014-01-05T13:00:00,P4,2646
2014-01-05T13:30:00,P4,2652
2014-01-05T14:00:00,P4,2664
2014-01-05T14:30:00,P4,2666
2014-01-05T15:00:00,P4,2600
2014-01-05T15:30:00,P4,2561
2014-01-05T16:00:00,P4,2570
2014-01-05T16:30:00,P4,2610
2014-01-05T17:00:00,P4,2576
2014-01-05T17:30:00,P4,2503
2014-01-05T18:00:00,P4,2557
2014-01-05T18:30:00,P4,2590
2014-01-05T19:00:00,P4,2670
2014-01-05T19:30:00,P4,2683
2014-01-05T20:00:00,P4,2594
2014-01-05T20:30:00,P4,2611
2014-01-05T21:00:00,P4,2579
2014-01-05T21:30:00,P4,2507
2014-01-05T22:00:00,P4,2546
2014-01-05T22:30:00,P4,2485
2014-01-05T23:00:00,P4,2430
2014-01-05T23:30:00,P4,2370
2014-01-06T00:00:00,P4,2353
2014-01-06T00:30:00,P4,2336
2014-01-06T01:00:00,P4,2302
2014-01-06T01:30:00,P4,2222
2014-01-06T02:00:00,P4,2154
2014-01-06T02:30:00,P4,2078
2014-01-06T03:00:00,P4,2048
2014-01-06T03:30:00,P4,2012
2014-01-06T04:00:00,P4,2010
2014-01-06T04:30:00,P4,2028
2014-01-06T05:00:00,P4,2051
2014-01-06T05:30:00,P4,2095
2014-01-06T06:00:00,P4,2072
2014-01-06T06:30:00,P4,2107
2014-01-06T07:00:00,P4,2113
2014-01-06T07:30:00,P4,2142
2014-01-06T08:00:00,P4,2138
2014-01-06T08:30:00,P4,2164
2014-01-06T09:00:00,P4,2179
2014-01-06T09:30:00,P4,2207
2014-01-06T10:00:00,P4,2274
2014-01-06T10:30:00,P4,2377
2014-01-06T11:00:00,P4,2375
2014-01-06T11:30:00,P4,2292
2014-01-06T12:00:00,P4,2502
2014-01-06T12:30:00,P4,2515
2014-01-06T13:00:00,P4,2629
2014-01-06T13:30:00,P4,2616
2014-01-06T14:00:00,P4,2593
2014-01-06T14:30:00,P4,2594
2014-01-06T15:00:00,P4,2532
2014-01-06T15:30:00,P4,2520
2014-01-06T16:00:00,P4,2478
2014-01-06T16:30:00,P4,2492
2014-01-06T17:00:00,P4,2489
2014-01-06T17:30:00,P4,2520
2014-01-06T18:00:00,P4,2587
2014-01-06T18:30:00,P4,2651
2014-01-06T19:00:00,P4,2713
2014-01-06T19:30:00,P4,2701
2014-01-06T20:00:00,P4,2696
2014-01-06T20:30:00,P4,2714
2014-01-06T21:00:00,P4,2714
2014-01-06T21:30:00,P4,2642
2014-01-06T22:00:00,P4,2678
2014-01-06T22:30:00,P4,2683
2014-01-06T23:00:00,P4,2672
2014-01-06T23:30:00,P4,2609
2014-01-07T00:00:00,P4,2528
2014-01-07T00:30:00,P4,2478
2014-01-07T01:00:00,P4,2392
2014-01-07T01:30:00,P4,2364
2014-01-07T02:00:00,P4,2309
2014-01-07T02:30:00,P4,2275
2014-01-07T03:00:00,P4,2240
2014-01-07T03:30:00,P4,2234
2014-01-07T04:00:00,P4,2173
2014-01-07T04:30:00,P4,2168
2014-01-07T05:00:00,P4,2165
2014-01-07T05:30:00,P4,2177
2014-01-07T06:00:00,P4,2116
2014-01-07T06:30:00,P4,2119
2014-01-07T07:00:00,P4,2189
2014-01-07T07:30:00,P4,2195
2014-01-07T08:00:00,P4,2208
2014-01-07T08:30:00,P4,2220
2014-01-07T09:00:00,P4,2189
2014-01-07T09:30:00,P4,2246
2014-01-07T10:00:00,P4,2305
2014-01-07T10:30:00,P4,2353
2014-01-07T11:00:00,P4,2414
2014-01-07T11:30:00,P4,2429
2014-01-07T12:00:00,P4,2425
2014-01-07T12:30:00,P4,2495
2014-01-07T13:00:00,P4,2485
2014-01-07T13:30:00,P4,2488
2014-01-07T14:00:00,P4,2468
2014-01-07T14:30:00,P4,2467
2014-01-07T15:00:00,P4,2456
2014-01-07T15:30:00,P4,2414
2014-01-07T16:00:00,P4,2383
2014-01-07T16:30:00,P4,2422
2014-01-07T17:00:00,P4,2441
2014-01-07T17:30:00,P4,2460
2014-01-07T18:00:00,P4,2492
2014-01-07T18:30:00,P4,2557
2014-01-07T19:00:00,P4,2544
2014-01-07T19:30:00,P4,2555
2014-01-07T20:00:00,P4,2550
2014-01-07T20:30:00,P4,2554
2014-01-07T21:00:00,P4,2494
2014-01-07T21:30:00,P4,2500
2014-01-07T22:00:00,P4,2490
2014-01-07T22:30:00,P4,2471
2014-01-07T23:00:00,P4,2443
2014-01-07T23:30:00,P4,2400
2014-01-08T00:00:00,P4,2380
2014-01-08T00:30:00,P4,2323
2014-01-08T01:00:00,P4,2286
2014-01-08T01:30:00,P4,2182
2014-01-08T02:00:00,P4,2142
2014-01-08T02:30:00,P4,2107
2014-01-08T03:00:00,P4,2083
2014-01-08T03:30:00,P4,2099
2014-01-08T04:00:00,P4,2104
2014-01-08T04:30:00,P4,2051
2014-01-08T05:00:00,P4,2094
2014-01-08T05:30:00,P4,2090
2014-01-08T06:00:00,P4,2059
2014-01-08T06:30:00,P4,2095
2014-01-08T07:00:00,P4,2173
2014-01-08T07:30:00,P4,2154
2014-01-08T08:00:00,P4,2190
2014-01-08T08:30:00,P4,2256
2014-01-08T09:00:00,P4,2251
2014-01-08T09:30:00,P4,2258
2014-01-08T10:00:00,P4,2323
2014-01-08T10:30:00,P4,2348
2014-01-08T11:00:00,P4,2340
2014-01-08T11:30:00,P4,2347
2014-01-08T12:00:00,P4,2371
2014-01-08T12:30:00,P4,2408
2014-01-08T13:00:00,P4,2413
2014-01-08T13:30:00,P4,2435
2014-01-08T14:00:00,P4,2369
2014-01-08T14:30:00,P4,2387
2014-01-08T15:00:00,P4,2383
2014-01-08T15:30:00,P4,2296
2014-01-08T16:00:00,P4,2264
2014-01-08T16:30:00,P4,2272
2014-01-08T17:00:00,P4,2327
2014-01-08T17:30:00,P4,2309
2014-01-08T18:00:00,P4,2342
2014-01-08T18:30:00,P4,2460
2014-01-08T19:00:00,P4,2431
2014-01-08T19:30:00,P4,2486
2014-01-08T20:00:00,P4,2474
2014-01-08T20:30:00,P4,2418
2014-01-08T21:00:00,P4,2412
2014-01-08T21:30:00,P4,2351
2014-01-08T22:00:00,P4,2352
2014-01-08T22:30:00,P4,2320
2014-01-08T23:00:00,P4,2335
2014-01-08T23:30:00,P4,2293
2014-01-09T00:00:00,P4,2239
2014-01-09T00:30:00,P4,2184
2014-01-09T01:00:00,P4,2095
2014-01-09T01:30:00,P4,2118
2014-01-09T02:00:00,P4,2070
2014-01-09T02:30:00,P4,2021
2014-01-09T03:00:00,P4,1975
2014-01-09T03:30:00,P4,1945
2014-01-09T04:00:00,P4,1930
2014-01-09T04:30:00,P4,1943
2014-01-09T05:00:00,P4,1944
2014-01-09T05:30:00,P4,1949
2014-01-09T06:00:00,P4,1922
2014-01-09T06:30:00,P4,1978
2014-01-09T07:00:00,P4,2072
2014-01-09T07:30:00,P4,2078
2014-01-09T08:00:00,P4,2092
2014-01-09T08:30:00,P4,2155
2014-01-09T09:00:00,P4,2134
2014-01-09T09:30:00,P4,2130
2014-01-09T10:00:00,P4,2225
2014-01-09T10:30:00,P4,2242
2014-01-09T11:00:00,P4,2232
2014-01-09T11:30:00,P4,2219
2014-01-09T12:00:00,P4,2238
2014-01-09T12:30:00,P4,2244
2014-01-09T13:00:00,P4,2299
2014-01-09T13:30:00,P4,2268
2014-01-09T14:00:00,P4,2256
2014-01-09T14:30:00,P4,2222
2014-01-09T15:00:00,P4,2201
2014-01-09T15:30:00,P4,2244
2014-01-09T16:00:00,P4,2190
2014-01-09T16:30:00,P4,2171
2014-01-09T17:00:00,P4,2242
2014-01-09T17:30:00,P4,2279
2014-01-09T18:00:00,P4,2339
2014-01-09T18:30:00,P4,2428
2014-01-09T19:00:00,P4,2402
2014-01-09T19:30:00,P4,2412
2014-01-09T20:00:00,P4,2430
2014-01-09T20:30:00,P4,2417
2014-01-09T21:00:00,P4,2453
2014-01-09T21:30:00,P4,2419
2014-01-09T22:00:00,P4,2400
2014-01-09T22:30:00,P4,2384
2014-01-09T23:00:00,P4,2371
2014-01-09T23:30:00,P4,2320
2014-01-10T00:00:00,P4,2287
2014-01-10T00:30:00,P4,2203
2014-01-10T01:00:00,P4,2141
2014-01-10T01:30:00,P4,2124
2014-01-10T02:00:00,P4,2082
2014-01-10T02:30:00,P4,2038
2014-01-10T03:00:00,P4,2032
2014-01-10T03:30:00,P4,1974
2014-01-10T04:00:00,P4,2005
2014-01-10T04:30:00,P4,2011
2014-01-10T05:00:00,P4,2014
2014-01-10T05:30:00,P4,2038
2014-01-10T06:00:00,P4,2077
2014-01-10T06:30:00,P4,2093
2014-01-10T07:00:00,P4,2184
2014-01-10T07:30:00,P4,2177
2014-01-10T08:00:00,P4,2215
2014-01-10T08:30:00,P4,2236
2014-01-10T09:00:00,P4,2218
2014-01-10T09:30:00,P4,2245
2014-01-10T10:00:00,P4,2304
2014-01-10T10:30:00,P4,2254
2014-01-10T11:00:00,P4,2256
2014-01-10T11:30:00,P4,2258
2014-01-10T12:00:00,P4,2293
2014-01-10T12:30:00,P4,2323
2014-01-10T13:00:00,P4,2356
2014-01-10T13:30:00,P4,2396
2014-01-10T14:00:00,P4,2386
2014-01-10T14:30:00,P4,2345
2014-01-10T15:00:00,P4,2308
2014-01-10T15:30:00,P4,2304
2014-01-10T16:00:00,P4,2286
2014-01-10T16:30:00,P4,2309
2014-01-10T17:00:00,P4,2332
2014-01-10T17:30:00,P4,2366
2014-01-10T18:00:00,P4,2424
2014-01-10T18:30:00,P4,2550
2014-01-10T19:00:00,P4,2594
2014-01-10T19:30:00,P4,2603
2014-01-10T20:00:00,P4,2593
2014-01-10T20:30:00,P4,2588
2014-01-10T21:00:00,P4,2525
2014-01-10T21:30:00,P4,2497
2014-01-10T22:00:00,P4,2528
2014-01-10T22:30:00,P4,2464
2014-01-10T23:00:00,P4,2470
2014-01-10T23:30:00,P4,2473
2014-01-11T00:00:00,P4,2458
2014-01-11T00:30:00,P4,2392
2014-01-11T01:00:00,P4,2272
2014-01-11T01:30:00,P4,2234
2014-01-11T02:00:00,P4,2198
2014-01-11T02:30:00,P4,2206
2014-01-11T03:00:00,P4,2180
2014-01-11T03:30:00,P4,2168
2014-01-11T04:00:00,P4,2160
2014-01-11T04:30:00,P4,2164
2014-01-11T05:00:00,P4,2214
2014-01-11T05:30:00,P4,2232
2014-01-11T06:00:00,P4,2236
2014-01-11T06:30:00,P4,2240
2014-01-11T07:00:00,P4,2294
2014-01-11T07:30:00,P4,2356
2014-01-11T08:00:00,P4,2370
2014-01-11T08:30:00,P4,2375
2014-01-11T09:00:00,P4,2374
2014-01-11T09:30:00,P4,2404
2014-01-11T10:00:00,P4,2440
2014-01-11T10:30:00,P4,2470
2014-01-11T11:00:00,P4,2552
2014-01-11T11:30:00,P4,2623
2014-01-11T12:00:00,P4,2563
2014-01-11T12:30:00,P4,2590
2014-01-11T13:00:00,P4,2599
2014-01-11T13:30:00,P4,2641
2014-01-11T14:00:00,P4,2684
2014-01-11T14:30:00,P4,2695
2014-01-11T15:00:00,P4,2740
2014-01-11T15:30:00,P4,2726
2014-01-11T16:00:00,P4,2688
2014-01-11T16:30:00,P4,2712
2014-01-11T17:00:00,P4,2669
2014-01-11T17:30:00,P4,2687
2014-01-11T18:00:00,P4,2725
2014-01-11T18:30:00,P4,2786
2014-01-11T19:00:00,P4,2774
2014-01-11T19:30:00,P4,2813
2014-01-11T20:00:00,P4,2860
2014-01-11T20:30:00,P4,2820
2014-01-11T21:00:00,P4,2790
2014-01-11T21:30:00,P4,2778
2014-01-11T22:00:00,P4,2794
2014-01-11T22:30:00,P4,2736
2014-01-11T23:00:00,P4,2752
2014-01-11T23:30:00,P4,2773
2014-01-12T00:00:00,P4,2720
2014-01-12T00:30:00,P4,2683
2014-01-12T01:00:00,P4,2602
2014-01-12T01:30:00,P4,2532
2014-01-12T02:00:00,P4,2491
2014-01-12T02:30:00,P4,2426
2014-01-12T03:00:00,P4,2412
2014-01-12T03:30:00,P4,2352
2014-01-12T04:00:00,P4,2383
2014-01-12T04:30:00,P4,2366
2014-01-12T05:00:00,P4,2393
2014-01-12T05:30:00,P4,2377
2014-01-12T06:00:00,P4,2377
2014-01-12T06:30:00,P4,2392
2014-01-12T07:00:00,P4,2395
2014-01-12T07:30:00,P4,2437
2014-01-12T08:00:00,P4,2516
2014-01-12T08:30:00,P4,2485
2014-01-12T09:00:00,P4,2473
2014-01-12T09:30:00,P4,2513
2014-01-12T10:00:00,P4,2593
2014-01-12T10:30:00,P4,2648
2014-01-12T11:00:00,P4,2669
2014-01-12T11:30:00,P4,2737
2014-01-12T12:00:00,P4,2752
2014-01-12T12:30:00,P4,2736
2014-01-12T13:00:00,P4,2754
2014-01-12T13:30:00,P4,2731
2014-01-12T14:00:00,P4,2740
2014-01-12T14:30:00,P4,2706
2014-01-12T15:00:00,P4,2678
2014-01-12T15:30:00,P4,2698
2014-01-12T16:00:00,P4,2668
2014-01-12T16:30:00,P4,2641
2014-01-12T17:00:00,P4,2604
2014-01-12T17:30:00,P4,2662
2014-01-12T18:00:00,P4,2663
2014-01-12T18:30:00,P4,2792
2014-01-12T19:00:00,P4,2802
2014-01-12T19:30:00,P4,2867
2014-01-12T20:00:00,P4,2873
2014-01-12T20:30:00,P4,2833
2014-01-12T21:00:00,P4,2808
2014-01-12T21:30:00,P4,2747
2014-01-12T22:00:00,P4,2741
2014-01-12T22:30:00,P4,2786
2014-01-12T23:00:00,P4,2759
2014-01-12T23:30:00,P4,2761
2014-01-13T00:00:00,P4,2729
2014-01-13T00:30:00,P4,2651
2014-01-13T01:00:00,P4,2608
2014-01-13T01:30:00,P4,2543
2014-01-13T02:00:00,P4,2501
2014-01-13T02:30:00,P4,2435
2014-01-13T03:00:00,P4,2429
2014-01-13T03:30:00,P4,2416
2014-01-13T04:00:00,P4,2401
2014-01-13T04:30:00,P4,2422
2014-01-13T05:00:00,P4,2471
2014-01-13T05:30:00,P4,2485
2014-01-13T06:00:00,P4,2497
2014-01-13T06:30:00,P4,2519
2014-01-13T07:00:00,P4,2537
2014-01-13T07:30:00,P4,2633
2014-01-13T08:00:00,P4,2650
2014-01-13T08:30:00,P4,2684
2014-01-13T09:00:00,P4,2693
2014-01-13T09:30:00,P4,2694
2014-01-13T10:00:00,P4,2743
2014-01-13T10:30:00,P4,2720
2014-01-13T11:00:00,P4,2732
2014-01-13T11:30:00,P4,2706
2014-01-13T12:00:00,P4,2741
2014-01-13T12:30:00,P4,2765
2014-01-13T13:00:00,P4,2746
2014-01-13T13:30:00,P4,2753
2014-01-13T14:00:00,P4,2536
2014-01-13T14:30:00,P4,2528
2014-01-13T15:00:00,P4,2783
2014-01-13T15:30:00,P4,2789
2014-01-13T16:00:00,P4,2750
2014-01-13T16:30:00,P4,2707
2014-01-13T17:00:00,P4,2717
2014-01-13T17:30:00,P4,2714
2014-01-13T18:00:00,P4,2761
2014-01-13T18:30:00,P4,2844
2014-01-13T19:00:00,P4,2964
2014-01-13T19:30:00,P4,2934
2014-01-13T20:00:00,P4,2941
2014-01-13T20:30:00,P4,2928
2014-01-13T21:00:00,P4,2910
2014-01-13T21:30:00,P4,2861
2014-01-13T22:00:00,P4,2875
2014-01-13T22:30:00,P4,2849
2014-01-13T23:00:00,P4,2848
2014-01-13T23:30:00,P4,2832
2014-01-14T00:00:00,P4,2836
2014-01-14T00:30:00,P4,2767
2014-01-14T01:00:00,P4,2698
2014-01-14T01:30:00,P4,2624
2014-01-14T02:00:00,P4,2599
2014-01-14T02:30:00,P4,2557
2014-01-14T03:00:00,P4,2524
2014-01-14T03:30:00,P4,2496
2014-01-14T04:00:00,P4,2513
2014-01-14T04:30:00,P4,2514
2014-01-14T05:00:00,P4,2568
2014-01-14T05:30:00,P4,2555
2014-01-14T06:00:00,P4,2586
2014-01-14T06:30:00,P4,2602
2014-01-14T07:00:00,P4,2706
2014-01-14T07:30:00,P4,2742
2014-01-14T08:00:00,P4,2814
2014-01-14T08:30:00,P4,2810
2014-01-14T09:00:00,P4,2855
2014-01-14T09:30:00,P4,2852
2014-01-14T10:00:00,P4,2873
2014-01-14T10:30:00,P4,2848
2014-01-14T11:00:00,P4,2876
2014-01-14T11:30:00,P4,2840
2014-01-14T12:00:00,P4,2900
2014-01-14T12:30:00,P4,2898
2014-01-14T13:00:00,P4,2893
2014-01-14T13:30:00,P4,2856
2014-01-14T14:00:00,P4,2888
2014-01-14T14:30:00,P4,2851
2014-01-14T15:00:00,P4,2839
2014-01-14T15:30:00,P4,2815
2014-01-14T16:00:00,P4,2828
2014-01-14T16:30:00,P4,2736
2014-01-14T17:00:00,P4,2779
2014-01-14T17:30:00,P4,2796
2014-01-14T18:00:00,P4,2816
2014-01-14T18:30:00,P4,2922
2014-01-14T19:00:00,P4,2987
2014-01-14T19:30:00,P4,3014
2014-01-14T20:00:00,P4,3036
2014-01-14T20:30:00,P4,3030
2014-01-14T21:00:00,P4,3022
2014-01-14T21:30:00,P4,2952
2014-01-14T22:00:00,P4,2983
2014-01-14T22:30:00,P4,2906
2014-01-14T23:00:00,P4,2918
2014-01-14T23:30:00,P4,2896
2014-01-15T00:00:00,P4,2825
2014-01-15T00:30:00,P4,2818
2014-01-15T01:00:00,P4,2779
2014-01-15T01:30:00,P4,2714
2014-01-15T02:00:00,P4,2686
2014-01-15T02:30:00,P4,2644
2014-01-15T03:00:00,P4,2608
2014-01-15T03:30:00,P4,2585
2014-01-15T04:00:00,P4,2617
2014-01-15T04:30:00,P4,2629
2014-01-15T05:00:00,P4,2656
2014-01-15T05:30:00,P4,2665
2014-01-15T06:00:00,P4,2640
2014-01-15T06:30:00,P4,2651
2014-01-15T07:00:00,P4,2734
2014-01-15T07:30:00,P4,2831
2014-01-15T08:00:00,P4,2852
2014-01-15T08:30:00,P4,2930
2014-01-15T09:00:00,P4,2864
2014-01-15T09:30:00,P4,2932
2014-01-15T10:00:00,P4,2948
2014-01-15T10:30:00,P4,2932
2014-01-15T11:00:00,P4,2916
2014-01-15T11:30:00,P4,2966
2014-01-15T12:00:00,P4,2934
2014-01-15T12:30:00,P4,2988
2014-01-15T13:00:00,P4,2964
2014-01-15T13:30:00,P4,2916
2014-01-15T14:00:00,P4,2926
2014-01-15T14:30:00,P4,2906
2014-01-15T15:00:00,P4,2932
2014-01-15T15:30:00,P4,2876
2014-01-15T16:00:00,P4,2856
2014-01-15T16:30:00,P4,2814
2014-01-15T17:00:00,P4,2813
2014-01-15T17:30:00,P4,2844
2014-01-15T18:00:00,P4,2866
2014-01-15T18:30:00,P4,2951
2014-01-15T19:00:00,P4,2990
2014-01-15T19:30:00,P4,3012
2014-01-15T20:00:00,P4,2988
2014-01-15T20:30:00,P4,3005
2014-01-15T21:00:00,P4,3004
2014-01-15T21:30:00,P4,3018
2014-01-15T22:00:00,P4,3012
2014-01-15T22:30:00,P4,2923
2014-01-15T23:00:00,P4,2904
2014-01-15T23:30:00,P4,2863
2014-01-16T00:00:00,P4,2845
2014-01-16T00:30:00,P4,2800
2014-01-16T01:00:00,P4,2728
2014-01-16T01:30:00,P4,2700
2014-01-16T02:00:00,P4,2588
2014-01-16T02:30:00,P4,2564
2014-01-16T03:00:00,P4,2546
2014-01-16T03:30:00,P4,2562
2014-01-16T04:00:00,P4,2616
2014-01-16T04:30:00,P4,2622
2014-01-16T05:00:00,P4,2645
2014-01-16T05:30:00,P4,2657
2014-01-16T06:00:00,P4,2644
2014-01-16T06:30:00,P4,2657
2014-01-16T07:00:00,P4,2725
2014-01-16T07:30:00,P4,2807
2014-01-16T08:00:00,P4,2880
2014-01-16T08:30:00,P4,2892
2014-01-16T09:00:00,P4,2855
2014-01-16T09:30:00,P4,2826
2014-01-16T10:00:00,P4,2831
2014-01-16T10:30:00,P4,2838
2014-01-16T11:00:00,P4,2843
2014-01-16T11:30:00,P4,2824
2014-01-16T12:00:00,P4,2834
2014-01-16T12:30:00,P4,2848
2014-01-16T13:00:00,P4,2842
2014-01-16T13:30:00,P4,2827
2014-01-16T14:00:00,P4,2845
2014-01-16T14:30:00,P4,2824
2014-01-16T15:00:00,P4,2820
2014-01-16T15:30:00,P4,2825
2014-01-16T16:00:00,P4,2788
2014-01-16T16:30:00,P4,2774
2014-01-16T17:00:00,P4,2827
2014-01-16T17:30:00,P4,2845
2014-01-16T18:00:00,P4,2864
2014-01-16T18:30:00,P4,2928
2014-01-16T19:00:00,P4,2992
2014-01-16T19:30:00,P4,3064
2014-01-16T20:00:00,P4,3073
2014-01-16T20:30:00,P4,3026
2014-01-16T21:00:00,P4,3054
2014-01-16T21:30:00,P4,2988
2014-01-16T22:00:00,P4,2944
2014-01-16T22:30:00,P4,2929
2014-01-16T23:00:00,P4,2951
2014-01-16T23:30:00,P4,2947
2014-01-17T00:00:00,P4,2863
2014-01-17T00:30:00,P4,2792
2014-01-17T01:00:00,P4,2726
2014-01-17T01:30:00,P4,2747
2014-01-17T02:00:00,P4,2683
2014-01-17T02:30:00,P4,2669
2014-01-17T03:00:00,P4,2639
2014-01-17T03:30:00,P4,2584
2014-01-17T04:00:00,P4,2550
2014-01-17T04:30:00,P4,2588
2014-01-17T05:00:00,P4,2605
2014-01-17T05:30:00,P4,2640
2014-01-17T06:00:00,P4,2674
2014-01-17T06:30:00,P4,2676
2014-01-01T00:30:00,P5,435
2014-01-01T01:00:00,P5,439
2014-01-01T01:30:00,P5,428
2014-01-01T02:00:00,P5,438
2014-01-01T02:30:00,P5,435
2014-01-01T03:00:00,P5,436
2014-01-01T03:30:00,P5,439
2014-01-01T04:00:00,P5,438
2014-01-01T04:30:00,P5,441
2014-01-01T05:00:00,P5,435
2014-01-01T05:30:00,P5,430
2014-01-01T06:00:00,P5,435
2014-01-01T06:30:00,P5,434
2014-01-01T07:00:00,P5,436
2014-01-01T07:30:00,P5,440
2014-01-01T08:00:00,P5,445
2014-01-01T08:30:00,P5,434
2014-01-01T09:00:00,P5,438
2014-01-01T09:30:00,P5,430
2014-01-01T10:00:00,P5,434
2014-01-01T10:30:00,P5,436
2014-01-01T11:00:00,P5,430
2014-01-01T11:30:00,P5,424
2014-01-01T12:00:00,P5,435
2014-01-01T12:30:00,P5,430
2014-01-01T13:00:00,P5,444
2014-01-01T13:30:00,P5,438
2014-01-01T14:00:00,P5,444
2014-01-01T14:30:00,P5,438
2014-01-01T15:00:00,P5,431
2014-01-01T15:30:00,P5,433
2014-01-01T16:00:00,P5,424
2014-01-01T16:30:00,P5,423
2014-01-01T17:00:00,P5,420
2014-01-01T17:30:00,P5,436
2014-01-01T18:00:00,P5,438
2014-01-01T18:30:00,P5,438
2014-01-01T19:00:00,P5,426
2014-01-01T19:30:00,P5,430
2014-01-01T20:00:00,P5,432
2014-01-01T20:30:00,P5,430
2014-01-01T21:00:00,P5,423
2014-01-01T21:30:00,P5,430
2014-01-01T22:00:00,P5,425
2014-01-01T22:30:00,P5,434
2014-01-01T23:00:00,P5,430
2014-01-01T23:30:00,P5,437
2014-01-02T00:00:00,P5,438
2014-01-02T00:30:00,P5,444
2014-01-02T01:00:00,P5,425
2014-01-02T01:30:00,P5,426
2014-01-02T02:00:00,P5,422
2014-01-02T02:30:00,P5,426
2014-01-02T03:00:00,P5,415
2014-01-02T03:30:00,P5,422
2014-01-02T04:00:00,P5,410
2014-01-02T04:30:00,P5,418
2014-01-02T05:00:00,P5,410
2014-01-02T05:30:00,P5,406
2014-01-02T06:00:00,P5,410
2014-01-02T06:30:00,P5,415
2014-01-02T07:00:00,P5,413
2014-01-02T07:30:00,P5,413
2014-01-02T08:00:00,P5,413
2014-01-02T08:30:00,P5,404
2014-01-02T09:00:00,P5,412
2014-01-02T09:30:00,P5,406
2014-01-02T10:00:00,P5,434
2014-01-02T10:30:00,P5,436
2014-01-02T11:00:00,P5,426
2014-01-02T11:30:00,P5,428
2014-01-02T12:00:00,P5,434
2014-01-02T12:30:00,P5,406
2014-01-02T13:00:00,P5,412
2014-01-02T13:30:00,P5,411
2014-01-02T14:00:00,P5,426
2014-01-02T14:30:00,P5,418
2014-01-02T15:00:00,P5,427
2014-01-02T15:30:00,P5,422
2014-01-02T16:00:00,P5,426
2014-01-02T16:30:00,P5,418
2014-01-02T17:00:00,P5,424
2014-01-02T17:30:00,P5,433
2014-01-02T18:00:00,P5,435
2014-01-02T18:30:00,P5,420
2014-01-02T19:00:00,P5,418
2014-01-02T19:30:00,P5,424
2014-01-02T20:00:00,P5,432
2014-01-02T20:30:00,P5,421
2014-01-02T21:00:00,P5,422
2014-01-02T21:30:00,P5,416
2014-01-02T22:00:00,P5,423
2014-01-02T22:30:00,P5,418
2014-01-02T23:00:00,P5,438
2014-01-02T23:30:00,P5,421
2014-01-03T00:00:00,P5,418
2014-01-03T00:30:00,P5,418
2014-01-03T01:00:00,P5,411
2014-01-03T01:30:00,P5,414
2014-01-03T02:00:00,P5,409
2014-01-03T02:30:00,P5,414
2014-01-03T03:00:00,P5,411
2014-01-03T03:30:00,P5,416
2014-01-03T04:00:00,P5,415
2014-01-03T04:30:00,P5,409
2014-01-03T05:00:00,P5,416
2014-01-03T05:30:00,P5,410
2014-01-03T06:00:00,P5,418
2014-01-03T06:30:00,P5,414
2014-01-03T07:00:00,P5,418
2014-01-03T07:30:00,P5,420
2014-01-03T08:00:00,P5,424
2014-01-03T08:30:00,P5,426
2014-01-03T09:00:00,P5,489
2014-01-03T09:30:00,P5,545
2014-01-03T10:00:00,P5,638
2014-01-03T10:30:00,P5,677
2014-01-03T11:00:00,P5,556
2014-01-03T11:30:00,P5,678
2014-01-03T12:00:00,P5,695
2014-01-03T12:30:00,P5,744
2014-01-03T13:00:00,P5,658
2014-01-03T13:30:00,P5,470
2014-01-03T14:00:00,P5,494
2014-01-03T14:30:00,P5,680
2014-01-03T15:00:00,P5,715
2014-01-03T15:30:00,P5,674
2014-01-03T16:00:00,P5,676
2014-01-03T16:30:00,P5,559
2014-01-03T17:00:00,P5,666
2014-01-03T17:30:00,P5,648
2014-01-03T18:00:00,P5,680
2014-01-03T18:30:00,P5,501
2014-01-03T19:00:00,P5,522
2014-01-03T19:30:00,P5,486
2014-01-03T20:00:00,P5,458
2014-01-03T20:30:00,P5,460
2014-01-03T21:00:00,P5,470
2014-01-03T21:30:00,P5,464
2014-01-03T22:00:00,P5,460
2014-01-03T22:30:00,P5,466
2014-01-03T23:00:00,P5,459
2014-01-03T23:30:00,P5,463
2014-01-04T00:00:00,P5,460
2014-01-04T00:30:00,P5,441
2014-01-04T01:00:00,P5,444
2014-01-04T01:30:00,P5,448
2014-01-04T02:00:00,P5,438
2014-01-04T02:30:00,P5,436
2014-01-04T03:00:00,P5,428
2014-01-04T03:30:00,P5,439
2014-01-04T04:00:00,P5,430
2014-01-04T04:30:00,P5,431
2014-01-04T05:00:00,P5,437
2014-01-04T05:30:00,P5,434
2014-01-04T06:00:00,P5,437
2014-01-04T06:30:00,P5,442
2014-01-04T07:00:00,P5,430
2014-01-04T07:30:00,P5,434
2014-01-04T08:00:00,P5,445
2014-01-04T08:30:00,P5,453
2014-01-04T09:00:00,P5,506
2014-01-04T09:30:00,P5,626
2014-01-04T10:00:00,P5,761
2014-01-04T10:30:00,P5,727
2014-01-04T11:00:00,P5,666
2014-01-04T11:30:00,P5,764
2014-01-04T12:00:00,P5,728
2014-01-04T12:30:00,P5,736
2014-01-04T13:00:00,P5,618
2014-01-04T13:30:00,P5,610
2014-01-04T14:00:00,P5,596
2014-01-04T14:30:00,P5,634
2014-01-04T15:00:00,P5,611
2014-01-04T15:30:00,P5,630
2014-01-04T16:00:00,P5,614
2014-01-04T16:30:00,P5,575
2014-01-04T17:00:00,P5,639
2014-01-04T17:30:00,P5,601
2014-01-04T18:00:00,P5,602
2014-01-04T18:30:00,P5,528
2014-01-04T19:00:00,P5,552
2014-01-04T19:30:00,P5,568
2014-01-04T20:00:00,P5,543
2014-01-04T20:30:00,P5,504
2014-01-04T21:00:00,P5,495
2014-01-04T21:30:00,P5,486
2014-01-04T22:00:00,P5,486
2014-01-04T22:30:00,P5,490
2014-01-04T23:00:00,P5,490
2014-01-04T23:30:00,P5,482
2014-01-05T00:00:00,P5,488
2014-01-05T00:30:00,P5,483
2014-01-05T01:00:00,P5,484
2014-01-05T01:30:00,P5,469
2014-01-05T02:00:00,P5,471
2014-01-05T02:30:00,P5,464
2014-01-05T03:00:00,P5,472
2014-01-05T03:30:00,P5,466
2014-01-05T04:00:00,P5,473
2014-01-05T04:30:00,P5,471
2014-01-05T05:00:00,P5,466
2014-01-05T05:30:00,P5,470
2014-01-05T06:00:00,P5,476
2014-01-05T06:30:00,P5,471
2014-01-05T07:00:00,P5,465
2014-01-05T07:30:00,P5,478
2014-01-05T08:00:00,P5,465
2014-01-05T08:30:00,P5,470
2014-01-05T09:00:00,P5,514
2014-01-05T09:30:00,P5,640
2014-01-05T10:00:00,P5,785
2014-01-05T10:30:00,P5,742
2014-01-05T11:00:00,P5,644
2014-01-05T11:30:00,P5,771
2014-01-05T12:00:00,P5,742
2014-01-05T12:30:00,P5,738
2014-01-05T13:00:00,P5,749
2014-01-05T13:30:00,P5,690
2014-01-05T14:00:00,P5,666
2014-01-05T14:30:00,P5,823
2014-01-05T15:00:00,P5,791
2014-01-05T15:30:00,P5,902
2014-01-05T16:00:00,P5,914
2014-01-05T16:30:00,P5,814
2014-01-05T17:00:00,P5,958
2014-01-05T17:30:00,P5,936
2014-01-05T18:00:00,P5,830
2014-01-05T18:30:00,P5,683
2014-01-05T19:00:00,P5,719
2014-01-05T19:30:00,P5,646
2014-01-05T20:00:00,P5,630
2014-01-05T20:30:00,P5,602
2014-01-05T21:00:00,P5,584
2014-01-05T21:30:00,P5,554
2014-01-05T22:00:00,P5,539
2014-01-05T22:30:00,P5,536
2014-01-05T23:00:00,P5,536
2014-01-05T23:30:00,P5,536
2014-01-06T00:00:00,P5,534
2014-01-06T00:30:00,P5,530
2014-01-06T01:00:00,P5,517
2014-01-06T01:30:00,P5,527
2014-01-06T02:00:00,P5,523
2014-01-06T02:30:00,P5,522
2014-01-06T03:00:00,P5,520
2014-01-06T03:30:00,P5,528
2014-01-06T04:00:00,P5,522
2014-01-06T04:30:00,P5,522
2014-01-06T05:00:00,P5,521
2014-01-06T05:30:00,P5,525
2014-01-06T06:00:00,P5,529
2014-01-06T06:30:00,P5,526
2014-01-06T07:00:00,P5,523
2014-01-06T07:30:00,P5,522
2014-01-06T08:00:00,P5,551
2014-01-06T08:30:00,P5,570
2014-01-06T09:00:00,P5,660
2014-01-06T09:30:00,P5,814
2014-01-06T10:00:00,P5,899
2014-01-06T10:30:00,P5,871
2014-01-06T11:00:00,P5,799
2014-01-06T11:30:00,P5,814
2014-01-06T12:00:00,P5,865
2014-01-06T12:30:00,P5,804
2014-01-06T13:00:00,P5,806
2014-01-06T13:30:00,P5,614
2014-01-06T14:00:00,P5,615
2014-01-06T14:30:00,P5,774
2014-01-06T15:00:00,P5,726
2014-01-06T15:30:00,P5,757
2014-01-06T16:00:00,P5,754
2014-01-06T16:30:00,P5,752
2014-01-06T17:00:00,P5,782
2014-01-06T17:30:00,P5,710
2014-01-06T18:00:00,P5,668
2014-01-06T18:30:00,P5,622
2014-01-06T19:00:00,P5,602
2014-01-06T19:30:00,P5,583
2014-01-06T20:00:00,P5,554
2014-01-06T20:30:00,P5,543
2014-01-06T21:00:00,P5,537
2014-01-06T21:30:00,P5,536
2014-01-06T22:00:00,P5,536
2014-01-06T22:30:00,P5,534
2014-01-06T23:00:00,P5,529
2014-01-06T23:30:00,P5,522
2014-01-07T00:00:00,P5,534
2014-01-07T00:30:00,P5,524
2014-01-07T01:00:00,P5,512
2014-01-07T01:30:00,P5,518
2014-01-07T02:00:00,P5,518
2014-01-07T02:30:00,P5,518
2014-01-07T03:00:00,P5,520
2014-01-07T03:30:00,P5,514
2014-01-07T04:00:00,P5,515
2014-01-07T04:30:00,P5,514
2014-01-07T05:00:00,P5,514
2014-01-07T05:30:00,P5,513
2014-01-07T06:00:00,P5,519
2014-01-07T06:30:00,P5,518
2014-01-07T07:00:00,P5,521
2014-01-07T07:30:00,P5,518
2014-01-07T08:00:00,P5,521
2014-01-07T08:30:00,P5,525
2014-01-07T09:00:00,P5,521
2014-01-07T09:30:00,P5,534
2014-01-07T10:00:00,P5,561
2014-01-07T10:30:00,P5,610
2014-01-07T11:00:00,P5,602
2014-01-07T11:30:00,P5,594
2014-01-07T12:00:00,P5,598
2014-01-07T12:30:00,P5,603
2014-01-07T13:00:00,P5,578
2014-01-07T13:30:00,P5,565
2014-01-07T14:00:00,P5,578
2014-01-07T14:30:00,P5,572
2014-01-07T15:00:00,P5,530
2014-01-07T15:30:00,P5,527
2014-01-07T16:00:00,P5,524
2014-01-07T16:30:00,P5,516
2014-01-07T17:00:00,P5,526
2014-01-07T17:30:00,P5,522
2014-01-07T18:00:00,P5,513
2014-01-07T18:30:00,P5,494
2014-01-07T19:00:00,P5,493
2014-01-07T19:30:00,P5,495
2014-01-07T20:00:00,P5,486
2014-01-07T20:30:00,P5,486
2014-01-07T21:00:00,P5,478
2014-01-07T21:30:00,P5,482
2014-01-07T22:00:00,P5,486
2014-01-07T22:30:00,P5,488
2014-01-07T23:00:00,P5,493
2014-01-07T23:30:00,P5,483
2014-01-08T00:00:00,P5,491
2014-01-08T00:30:00,P5,483
2014-01-08T01:00:00,P5,484
2014-01-08T01:30:00,P5,482
2014-01-08T02:00:00,P5,483
2014-01-08T02:30:00,P5,486
2014-01-08T03:00:00,P5,484
2014-01-08T03:30:00,P5,485
2014-01-08T04:00:00,P5,486
2014-01-08T04:30:00,P5,482
2014-01-08T05:00:00,P5,485
2014-01-08T05:30:00,P5,483
2014-01-08T06:00:00,P5,482
2014-01-08T06:30:00,P5,490
2014-01-08T07:00:00,P5,484
2014-01-08T07:30:00,P5,490
2014-01-08T08:00:00,P5,482
2014-01-08T08:30:00,P5,502
2014-01-08T09:00:00,P5,512
2014-01-08T09:30:00,P5,533
2014-01-08T10:00:00,P5,546
2014-01-08T10:30:00,P5,568
2014-01-08T11:00:00,P5,562
2014-01-08T11:30:00,P5,560
2014-01-08T12:00:00,P5,567
2014-01-08T12:30:00,P5,578
2014-01-08T13:00:00,P5,577
2014-01-08T13:30:00,P5,503
2014-01-08T14:00:00,P5,510
2014-01-08T14:30:00,P5,509
2014-01-08T15:00:00,P5,508
2014-01-08T15:30:00,P5,504
2014-01-08T16:00:00,P5,482
2014-01-08T16:30:00,P5,489
2014-01-08T17:00:00,P5,494
2014-01-08T17:30:00,P5,468
2014-01-08T18:00:00,P5,483
2014-01-08T18:30:00,P5,501
2014-01-08T19:00:00,P5,478
2014-01-08T19:30:00,P5,466
2014-01-08T20:00:00,P5,458
2014-01-08T20:30:00,P5,442
2014-01-08T21:00:00,P5,450
2014-01-08T21:30:00,P5,449
2014-01-08T22:00:00,P5,450
2014-01-08T22:30:00,P5,446
2014-01-08T23:00:00,P5,446
2014-01-08T23:30:00,P5,451
2014-01-09T00:00:00,P5,455
2014-01-09T00:30:00,P5,448
2014-01-09T01:00:00,P5,440
2014-01-09T01:30:00,P5,442
2014-01-09T02:00:00,P5,450
2014-01-09T02:30:00,P5,442
2014-01-09T03:00:00,P5,445
2014-01-09T03:30:00,P5,442
2014-01-09T04:00:00,P5,448
2014-01-09T04:30:00,P5,439
2014-01-09T05:00:00,P5,448
2014-01-09T05:30:00,P5,442
2014-01-09T06:00:00,P5,443
2014-01-09T06:30:00,P5,444
2014-01-09T07:00:00,P5,450
2014-01-09T07:30:00,P5,454
2014-01-09T08:00:00,P5,473
2014-01-09T08:30:00,P5,558
2014-01-09T09:00:00,P5,662
2014-01-09T09:30:00,P5,768
2014-01-09T10:00:00,P5,817
2014-01-09T10:30:00,P5,886
2014-01-09T11:00:00,P5,870
2014-01-09T11:30:00,P5,931
2014-01-09T12:00:00,P5,942
2014-01-09T12:30:00,P5,930
2014-01-09T13:00:00,P5,789
2014-01-09T13:30:00,P5,726
2014-01-09T14:00:00,P5,774
2014-01-09T14:30:00,P5,897
2014-01-09T15:00:00,P5,834
2014-01-09T15:30:00,P5,826
2014-01-09T16:00:00,P5,808
2014-01-09T16:30:00,P5,772
2014-01-09T17:00:00,P5,897
2014-01-09T17:30:00,P5,866
2014-01-09T18:00:00,P5,930
2014-01-09T18:30:00,P5,770
2014-01-09T19:00:00,P5,654
2014-01-09T19:30:00,P5,635
2014-01-09T20:00:00,P5,549
2014-01-09T20:30:00,P5,508
2014-01-09T21:00:00,P5,468
2014-01-09T21:30:00,P5,460
2014-01-09T22:00:00,P5,470
2014-01-09T22:30:00,P5,508
2014-01-09T23:00:00,P5,511
2014-01-09T23:30:00,P5,481
2014-01-10T00:00:00,P5,484
2014-01-10T00:30:00,P5,497
2014-01-10T01:00:00,P5,487
2014-01-10T01:30:00,P5,483
2014-01-10T02:00:00,P5,490
2014-01-10T02:30:00,P5,458
2014-01-10T03:00:00,P5,448
2014-01-10T03:30:00,P5,470
2014-01-10T04:00:00,P5,493
2014-01-10T04:30:00,P5,494
2014-01-10T05:00:00,P5,489
2014-01-10T05:30:00,P5,469
2014-01-10T06:00:00,P5,466
2014-01-10T06:30:00,P5,490
2014-01-10T07:00:00,P5,491
2014-01-10T07:30:00,P5,498
2014-01-10T08:00:00,P5,507
2014-01-10T08:30:00,P5,549
2014-01-10T09:00:00,P5,585
2014-01-10T09:30:00,P5,809
2014-01-10T10:00:00,P5,922
2014-01-10T10:30:00,P5,875
2014-01-10T11:00:00,P5,782
2014-01-10T11:30:00,P5,889
2014-01-10T12:00:00,P5,893
2014-01-10T12:30:00,P5,853
2014-01-10T13:00:00,P5,878
2014-01-10T13:30:00,P5,692
2014-01-10T14:00:00,P5,663
2014-01-10T14:30:00,P5,794
2014-01-10T15:00:00,P5,748
2014-01-10T15:30:00,P5,910
2014-01-10T16:00:00,P5,940
2014-01-10T16:30:00,P5,833
2014-01-10T17:00:00,P5,981
2014-01-10T17:30:00,P5,978
2014-01-10T18:00:00,P5,852
2014-01-10T18:30:00,P5,652
2014-01-10T19:00:00,P5,615
2014-01-10T19:30:00,P5,577
2014-01-10T20:00:00,P5,550
2014-01-10T20:30:00,P5,526
2014-01-10T21:00:00,P5,517
2014-01-10T21:30:00,P5,525
2014-01-10T22:00:00,P5,522
2014-01-10T22:30:00,P5,520
2014-01-10T23:00:00,P5,523
2014-01-10T23:30:00,P5,529
2014-01-11T00:00:00,P5,529
2014-01-11T00:30:00,P5,525
2014-01-11T01:00:00,P5,532
2014-01-11T01:30:00,P5,519
2014-01-11T02:00:00,P5,520
2014-01-11T02:30:00,P5,517
2014-01-11T03:00:00,P5,510
2014-01-11T03:30:00,P5,518
2014-01-11T04:00:00,P5,518
2014-01-11T04:30:00,P5,519
2014-01-11T05:00:00,P5,518
2014-01-11T05:30:00,P5,516
2014-01-11T06:00:00,P5,514
2014-01-11T06:30:00,P5,525
2014-01-11T07:00:00,P5,521
2014-01-11T07:30:00,P5,523
2014-01-11T08:00:00,P5,518
2014-01-11T08:30:00,P5,531
2014-01-11T09:00:00,P5,531
2014-01-11T09:30:00,P5,590
2014-01-11T10:00:00,P5,593
2014-01-11T10:30:00,P5,623
2014-01-11T11:00:00,P5,633
2014-01-11T11:30:00,P5,624
2014-01-11T12:00:00,P5,628
2014-01-11T12:30:00,P5,620
2014-01-11T13:00:00,P5,611
2014-01-11T13:30:00,P5,589
2014-01-11T14:00:00,P5,578
2014-01-11T14:30:00,P5,595
2014-01-11T15:00:00,P5,582
2014-01-11T15:30:00,P5,574
2014-01-11T16:00:00,P5,581
2014-01-11T16:30:00,P5,619
2014-01-11T17:00:00,P5,608
2014-01-11T17:30:00,P5,621
2014-01-11T18:00:00,P5,628
2014-01-11T18:30:00,P5,623
2014-01-11T19:00:00,P5,613
2014-01-11T19:30:00,P5,597
2014-01-11T20:00:00,P5,584
2014-01-11T20:30:00,P5,570
2014-01-11T21:00:00,P5,567
2014-01-11T21:30:00,P5,570
2014-01-11T22:00:00,P5,574
2014-01-11T22:30:00,P5,566
2014-01-11T23:00:00,P5,574
2014-01-11T23:30:00,P5,574
2014-01-12T00:00:00,P5,558
2014-01-12T00:30:00,P5,541
2014-01-12T01:00:00,P5,543
2014-01-12T01:30:00,P5,533
2014-01-12T02:00:00,P5,520
2014-01-12T02:30:00,P5,518
2014-01-12T03:00:00,P5,526
2014-01-12T03:30:00,P5,514
2014-01-12T04:00:00,P5,518
2014-01-12T04:30:00,P5,515
2014-01-12T05:00:00,P5,514
2014-01-12T05:30:00,P5,514
2014-01-12T06:00:00,P5,514
2014-01-12T06:30:00,P5,518
2014-01-12T07:00:00,P5,513
2014-01-12T07:30:00,P5,522
2014-01-12T08:00:00,P5,520
2014-01-12T08:30:00,P5,516
2014-01-12T09:00:00,P5,518
2014-01-12T09:30:00,P5,554
2014-01-12T10:00:00,P5,590
2014-01-12T10:30:00,P5,592
2014-01-12T11:00:00,P5,606
2014-01-12T11:30:00,P5,627
2014-01-12T12:00:00,P5,626
2014-01-12T12:30:00,P5,629
2014-01-12T13:00:00,P5,575
2014-01-12T13:30:00,P5,540
2014-01-12T14:00:00,P5,534
2014-01-12T14:30:00,P5,560
2014-01-12T15:00:00,P5,569
2014-01-12T15:30:00,P5,571
2014-01-12T16:00:00,P5,590
2014-01-12T16:30:00,P5,596
2014-01-12T17:00:00,P5,589
2014-01-12T17:30:00,P5,591
2014-01-12T18:00:00,P5,587
2014-01-12T18:30:00,P5,577
2014-01-12T19:00:00,P5,556
2014-01-12T19:30:00,P5,554
2014-01-12T20:00:00,P5,549
2014-01-12T20:30:00,P5,549
2014-01-12T21:00:00,P5,588
2014-01-12T21:30:00,P5,621
2014-01-12T22:00:00,P5,642
2014-01-12T22:30:00,P5,645
2014-01-12T23:00:00,P5,663
2014-01-12T23:30:00,P5,661
2014-01-13T00:00:00,P5,654
2014-01-13T00:30:00,P5,665
2014-01-13T01:00:00,P5,673
2014-01-13T01:30:00,P5,643
2014-01-13T02:00:00,P5,590
2014-01-13T02:30:00,P5,618
2014-01-13T03:00:00,P5,640
2014-01-13T03:30:00,P5,642
2014-01-13T04:00:00,P5,651
2014-01-13T04:30:00,P5,614
2014-01-13T05:00:00,P5,619
2014-01-13T05:30:00,P5,638
2014-01-13T06:00:00,P5,626
2014-01-13T06:30:00,P5,595
2014-01-13T07:00:00,P5,569
2014-01-13T07:30:00,P5,632
2014-01-13T08:00:00,P5,714
2014-01-13T08:30:00,P5,783
2014-01-13T09:00:00,P5,818
2014-01-13T09:30:00,P5,951
2014-01-13T10:00:00,P5,1119
2014-01-13T10:30:00,P5,1153
2014-01-13T11:00:00,P5,1018
2014-01-13T11:30:00,P5,1157
2014-01-13T12:00:00,P5,1105
2014-01-13T12:30:00,P5,1097
2014-01-13T13:00:00,P5,1038
2014-01-13T13:30:00,P5,990
2014-01-13T14:00:00,P5,1006
2014-01-13T14:30:00,P5,1161
2014-01-13T15:00:00,P5,1153
2014-01-13T15:30:00,P5,1156
2014-01-13T16:00:00,P5,1010
2014-01-13T16:30:00,P5,886
2014-01-13T17:00:00,P5,924
2014-01-13T17:30:00,P5,952
2014-01-13T18:00:00,P5,874
2014-01-13T18:30:00,P5,675
2014-01-13T19:00:00,P5,699
2014-01-13T19:30:00,P5,678
2014-01-13T20:00:00,P5,635
2014-01-13T20:30:00,P5,622
2014-01-13T21:00:00,P5,612
2014-01-13T21:30:00,P5,627
2014-01-13T22:00:00,P5,650
2014-01-13T22:30:00,P5,644
2014-01-13T23:00:00,P5,641
2014-01-13T23:30:00,P5,643
2014-01-14T00:00:00,P5,651
2014-01-14T00:30:00,P5,620
2014-01-14T01:00:00,P5,651
2014-01-14T01:30:00,P5,637
2014-01-14T02:00:00,P5,588
2014-01-14T02:30:00,P5,608
2014-01-14T03:00:00,P5,630
2014-01-14T03:30:00,P5,619
2014-01-14T04:00:00,P5,642
2014-01-14T04:30:00,P5,640
2014-01-14T05:00:00,P5,606
2014-01-14T05:30:00,P5,584
2014-01-14T06:00:00,P5,562
2014-01-14T06:30:00,P5,564
2014-01-14T07:00:00,P5,566
2014-01-14T07:30:00,P5,674
2014-01-14T08:00:00,P5,725
2014-01-14T08:30:00,P5,825
2014-01-14T09:00:00,P5,884
2014-01-14T09:30:00,P5,1074
2014-01-14T10:00:00,P5,1198
2014-01-14T10:30:00,P5,1207
2014-01-14T11:00:00,P5,1227
2014-01-14T11:30:00,P5,1215
2014-01-14T12:00:00,P5,1234
2014-01-14T12:30:00,P5,1177
2014-01-14T13:00:00,P5,1141
2014-01-14T13:30:00,P5,1082
2014-01-14T14:00:00,P5,1084
2014-01-14T14:30:00,P5,1283
2014-01-14T15:00:00,P5,1316
2014-01-14T15:30:00,P5,1214
2014-01-14T16:00:00,P5,1105
2014-01-14T16:30:00,P5,1007
2014-01-14T17:00:00,P5,1117
2014-01-14T17:30:00,P5,993
2014-01-14T18:00:00,P5,981
2014-01-14T18:30:00,P5,769
2014-01-14T19:00:00,P5,794
2014-01-14T19:30:00,P5,776
2014-01-14T20:00:00,P5,798
2014-01-14T20:30:00,P5,729
2014-01-14T21:00:00,P5,746
2014-01-14T21:30:00,P5,774
2014-01-14T22:00:00,P5,796
2014-01-14T22:30:00,P5,790
2014-01-14T23:00:00,P5,803
2014-01-14T23:30:00,P5,800
2014-01-15T00:00:00,P5,799
2014-01-15T00:30:00,P5,773
2014-01-15T01:00:00,P5,790
2014-01-15T01:30:00,P5,761
2014-01-15T02:00:00,P5,768
2014-01-15T02:30:00,P5,718
2014-01-15T03:00:00,P5,692
2014-01-15T03:30:00,P5,788
2014-01-15T04:00:00,P5,800
2014-01-15T04:30:00,P5,788
2014-01-15T05:00:00,P5,797
2014-01-15T05:30:00,P5,779
2014-01-15T06:00:00,P5,771
2014-01-15T06:30:00,P5,723
2014-01-15T07:00:00,P5,739
2014-01-15T07:30:00,P5,837
2014-01-15T08:00:00,P5,856
2014-01-15T08:30:00,P5,960
2014-01-15T09:00:00,P5,931
2014-01-15T09:30:00,P5,1083
2014-01-15T10:00:00,P5,1200
2014-01-15T10:30:00,P5,1254
2014-01-15T11:00:00,P5,1177
2014-01-15T11:30:00,P5,1289
2014-01-15T12:00:00,P5,1258
2014-01-15T12:30:00,P5,1290
2014-01-15T13:00:00,P5,1279
2014-01-15T13:30:00,P5,1043
2014-01-15T14:00:00,P5,1050
2014-01-15T14:30:00,P5,1184
2014-01-15T15:00:00,P5,1141
2014-01-15T15:30:00,P5,1083
2014-01-15T16:00:00,P5,1050
2014-01-15T16:30:00,P5,922
2014-01-15T17:00:00,P5,1016
2014-01-15T17:30:00,P5,977
2014-01-15T18:00:00,P5,958
2014-01-15T18:30:00,P5,776
2014-01-15T19:00:00,P5,754
2014-01-15T19:30:00,P5,744
2014-01-15T20:00:00,P5,725
2014-01-15T20:30:00,P5,710
2014-01-15T21:00:00,P5,700
2014-01-15T21:30:00,P5,702
2014-01-15T22:00:00,P5,756
2014-01-15T22:30:00,P5,798
2014-01-15T23:00:00,P5,764
2014-01-15T23:30:00,P5,769
2014-01-16T00:00:00,P5,798
2014-01-16T00:30:00,P5,781
2014-01-16T01:00:00,P5,768
2014-01-16T01:30:00,P5,706
2014-01-16T02:00:00,P5,754
2014-01-16T02:30:00,P5,810
2014-01-16T03:00:00,P5,753
2014-01-16T03:30:00,P5,745
2014-01-16T04:00:00,P5,774
2014-01-16T04:30:00,P5,754
2014-01-16T05:00:00,P5,755
2014-01-16T05:30:00,P5,746
2014-01-16T06:00:00,P5,762
2014-01-16T06:30:00,P5,757
2014-01-16T07:00:00,P5,735
2014-01-16T07:30:00,P5,762
2014-01-16T08:00:00,P5,741
2014-01-16T08:30:00,P5,748
2014-01-16T09:00:00,P5,819
2014-01-16T09:30:00,P5,1079
2014-01-16T10:00:00,P5,1121
2014-01-16T10:30:00,P5,1083
2014-01-16T11:00:00,P5,1003
2014-01-16T11:30:00,P5,1090
2014-01-16T12:00:00,P5,1049
2014-01-16T12:30:00,P5,1112
2014-01-16T13:00:00,P5,1122
2014-01-16T13:30:00,P5,959
2014-01-16T14:00:00,P5,938
2014-01-16T14:30:00,P5,1098
2014-01-16T15:00:00,P5,1098
2014-01-16T15:30:00,P5,1145
2014-01-16T16:00:00,P5,1139
2014-01-16T16:30:00,P5,941
2014-01-16T17:00:00,P5,1001
2014-01-16T17:30:00,P5,1057
2014-01-16T18:00:00,P5,965
2014-01-16T18:30:00,P5,762
2014-01-16T19:00:00,P5,781
2014-01-16T19:30:00,P5,763
2014-01-16T20:00:00,P5,754
2014-01-16T20:30:00,P5,757
2014-01-16T21:00:00,P5,739
2014-01-16T21:30:00,P5,774
2014-01-16T22:00:00,P5,808
2014-01-16T22:30:00,P5,821
2014-01-16T23:00:00,P5,810
2014-01-16T23:30:00,P5,800
2014-01-17T00:00:00,P5,820
2014-01-17T00:30:00,P5,836
2014-01-17T01:00:00,P5,778
2014-01-17T01:30:00,P5,783
2014-01-17T02:00:00,P5,814
2014-01-17T02:30:00,P5,838
2014-01-17T03:00:00,P5,786
2014-01-17T03:30:00,P5,794
2014-01-17T04:00:00,P5,802
2014-01-17T04:30:00,P5,797
2014-01-17T05:00:00,P5,782
2014-01-17T05:30:00,P5,802
2014-01-17T06:00:00,P5,794
2014-01-17T06:30:00,P5,770
2014-01-01T00:30:00,P6,1189
2014-01-01T01:00:00,P6,1202
2014-01-01T01:30:00,P6,1183
2014-01-01T02:00:00,P6,1189
2014-01-01T02:30:00,P6,1158
2014-01-01T03:00:00,P6,1124
2014-01-01T03:30:00,P6,1103
2014-01-01T04:00:00,P6,1088
2014-01-01T04:30:00,P6,1084
2014-01-01T05:00:00,P6,1063
2014-01-01T05:30:00,P6,1048
2014-01-01T06:00:00,P6,1027
2014-01-01T06:30:00,P6,1032
2014-01-01T07:00:00,P6,1027
2014-01-01T07:30:00,P6,1028
2014-01-01T08:00:00,P6,1033
2014-01-01T08:30:00,P6,1036
2014-01-01T09:00:00,P6,1026
2014-01-01T09:30:00,P6,1055
2014-01-01T10:00:00,P6,1066
2014-01-01T10:30:00,P6,1082
2014-01-01T11:00:00,P6,1108
2014-01-01T11:30:00,P6,1116
2014-01-01T12:00:00,P6,1148
2014-01-01T12:30:00,P6,1145
2014-01-01T13:00:00,P6,1165
2014-01-01T13:30:00,P6,1170
2014-01-01T14:00:00,P6,1172
2014-01-01T14:30:00,P6,1180
2014-01-01T15:00:00,P6,1170
2014-01-01T15:30:00,P6,1178
2014-01-01T16:00:00,P6,1188
2014-01-01T16:30:00,P6,1205
2014-01-01T17:00:00,P6,1200
2014-01-01T17:30:00,P6,1213
2014-01-01T18:00:00,P6,1265
2014-01-01T18:30:00,P6,1289
2014-01-01T19:00:00,P6,1300
2014-01-01T19:30:00,P6,1316
2014-01-01T20:00:00,P6,1313
2014-01-01T20:30:00,P6,1291
2014-01-01T21:00:00,P6,1307
2014-01-01T21:30:00,P6,1286
2014-01-01T22:00:00,P6,1290
2014-01-01T22:30:00,P6,1260
2014-01-01T23:00:00,P6,1278
2014-01-01T23:30:00,P6,1262
2014-01-02T00:00:00,P6,1238
2014-01-02T00:30:00,P6,1212
2014-01-02T01:00:00,P6,1180
2014-01-02T01:30:00,P6,1150
2014-01-02T02:00:00,P6,1135
2014-01-02T02:30:00,P6,1112
2014-01-02T03:00:00,P6,1117
2014-01-02T03:30:00,P6,1104
2014-01-02T04:00:00,P6,1073
2014-01-02T04:30:00,P6,1063
2014-01-02T05:00:00,P6,1051
2014-01-02T05:30:00,P6,1073
2014-01-02T06:00:00,P6,1073
2014-01-02T06:30:00,P6,1079
2014-01-02T07:00:00,P6,1098
2014-01-02T07:30:00,P6,1098
2014-01-02T08:00:00,P6,1122
2014-01-02T08:30:00,P6,1116
2014-01-02T09:00:00,P6,1133
2014-01-02T09:30:00,P6,1146
2014-01-02T10:00:00,P6,1168
2014-01-02T10:30:00,P6,1222
2014-01-02T11:00:00,P6,1271
2014-01-02T11:30:00,P6,1303
2014-01-02T12:00:00,P6,1282
2014-01-02T12:30:00,P6,1260
2014-01-02T13:00:00,P6,1277
2014-01-02T13:30:00,P6,1260
2014-01-02T14:00:00,P6,1262
2014-01-02T14:30:00,P6,1267
2014-01-02T15:00:00,P6,1283
2014-01-02T15:30:00,P6,1300
2014-01-02T16:00:00,P6,1256
2014-01-02T16:30:00,P6,1274
2014-01-02T17:00:00,P6,1327
2014-01-02T17:30:00,P6,1334
2014-01-02T18:00:00,P6,1375
2014-01-02T18:30:00,P6,1442
2014-01-02T19:00:00,P6,1442
2014-01-02T19:30:00,P6,1438
2014-01-02T20:00:00,P6,1447
2014-01-02T20:30:00,P6,1447
2014-01-02T21:00:00,P6,1429
2014-01-02T21:30:00,P6,1418
2014-01-02T22:00:00,P6,1414
2014-01-02T22:30:00,P6,1346
2014-01-02T23:00:00,P6,1363
2014-01-02T23:30:00,P6,1333
2014-01-03T00:00:00,P6,1314
2014-01-03T00:30:00,P6,1294
2014-01-03T01:00:00,P6,1303
2014-01-03T01:30:00,P6,1274
2014-01-03T02:00:00,P6,1243
2014-01-03T02:30:00,P6,1223
2014-01-03T03:00:00,P6,1196
2014-01-03T03:30:00,P6,1182
2014-01-03T04:00:00,P6,1169
2014-01-03T04:30:00,P6,1166
2014-01-03T05:00:00,P6,1164
2014-01-03T05:30:00,P6,1168
2014-01-03T06:00:00,P6,1157
2014-01-03T06:30:00,P6,1174
2014-01-03T07:00:00,P6,1182
2014-01-03T07:30:00,P6,1202
2014-01-03T08:00:00,P6,1214
2014-01-03T08:30:00,P6,1220
2014-01-03T09:00:00,P6,1261
2014-01-03T09:30:00,P6,1343
2014-01-03T10:00:00,P6,1414
2014-01-03T10:30:00,P6,1495
2014-01-03T11:00:00,P6,1528
2014-01-03T11:30:00,P6,1560
2014-01-03T12:00:00,P6,1559
2014-01-03T12:30:00,P6,1541
2014-01-03T13:00:00,P6,1526
2014-01-03T13:30:00,P6,1472
2014-01-03T14:00:00,P6,1441
2014-01-03T14:30:00,P6,1508
2014-01-03T15:00:00,P6,1522
2014-01-03T15:30:00,P6,1520
2014-01-03T16:00:00,P6,1556
2014-01-03T16:30:00,P6,1532
2014-01-03T17:00:00,P6,1514
2014-01-03T17:30:00,P6,1519
2014-01-03T18:00:00,P6,1517
2014-01-03T18:30:00,P6,1507
2014-01-03T19:00:00,P6,1518
2014-01-03T19:30:00,P6,1508
2014-01-03T20:00:00,P6,1542
2014-01-03T20:30:00,P6,1519
2014-01-03T21:00:00,P6,1490
2014-01-03T21:30:00,P6,1498
2014-01-03T22:00:00,P6,1487
2014-01-03T22:30:00,P6,1454
2014-01-03T23:00:00,P6,1382
2014-01-03T23:30:00,P6,1388
2014-01-04T00:00:00,P6,1362
2014-01-04T00:30:00,P6,1357
2014-01-04T01:00:00,P6,1355
2014-01-04T01:30:00,P6,1330
2014-01-04T02:00:00,P6,1288
2014-01-04T02:30:00,P6,1265
2014-01-04T03:00:00,P6,1265
2014-01-04T03:30:00,P6,1229
2014-01-04T04:00:00,P6,1222
2014-01-04T04:30:00,P6,1196
2014-01-04T05:00:00,P6,1201
2014-01-04T05:30:00,P6,1207
2014-01-04T06:00:00,P6,1214
2014-01-04T06:30:00,P6,1219
2014-01-04T07:00:00,P6,1224
2014-01-04T07:30:00,P6,1181
2014-01-04T08:00:00,P6,1216
2014-01-04T08:30:00,P6,1242
2014-01-04T09:00:00,P6,1283
2014-01-04T09:30:00,P6,1364
2014-01-04T10:00:00,P6,1453
2014-01-04T10:30:00,P6,1482
2014-01-04T11:00:00,P6,1472
2014-01-04T11:30:00,P6,1486
2014-01-04T12:00:00,P6,1466
2014-01-04T12:30:00,P6,1495
2014-01-04T13:00:00,P6,1481
2014-01-04T13:30:00,P6,1367
2014-01-04T14:00:00,P6,1361
2014-01-04T14:30:00,P6,1448
2014-01-04T15:00:00,P6,1507
2014-01-04T15:30:00,P6,1454
2014-01-04T16:00:00,P6,1466
2014-01-04T16:30:00,P6,1428
2014-01-04T17:00:00,P6,1442
2014-01-04T17:30:00,P6,1476
2014-01-04T18:00:00,P6,1493
2014-01-04T18:30:00,P6,1512
2014-01-04T19:00:00,P6,1523
2014-01-04T19:30:00,P6,1504
2014-01-04T20:00:00,P6,1463
2014-01-04T20:30:00,P6,1457
2014-01-04T21:00:00,P6,1447
2014-01-04T21:30:00,P6,1400
2014-01-04T22:00:00,P6,1450
2014-01-04T22:30:00,P6,1427
2014-01-04T23:00:00,P6,1409
2014-01-04T23:30:00,P6,1372
2014-01-05T00:00:00,P6,1333
2014-01-05T00:30:00,P6,1314
2014-01-05T01:00:00,P6,1295
2014-01-05T01:30:00,P6,1267
2014-01-05T02:00:00,P6,1248
2014-01-05T02:30:00,P6,1244
2014-01-05T03:00:00,P6,1240
2014-01-05T03:30:00,P6,1206
2014-01-05T04:00:00,P6,1153
2014-01-05T04:30:00,P6,1150
2014-01-05T05:00:00,P6,1154
2014-01-05T05:30:00,P6,1156
2014-01-05T06:00:00,P6,1174
2014-01-05T06:30:00,P6,1180
2014-01-05T07:00:00,P6,1156
2014-01-05T07:30:00,P6,1171
2014-01-05T08:00:00,P6,1166
2014-01-05T08:30:00,P6,1198
2014-01-05T09:00:00,P6,1244
2014-01-05T09:30:00,P6,1274
2014-01-05T10:00:00,P6,1319
2014-01-05T10:30:00,P6,1384
2014-01-05T11:00:00,P6,1361
2014-01-05T11:30:00,P6,1330
2014-01-05T12:00:00,P6,1385
2014-01-05T12:30:00,P6,1343
2014-01-05T13:00:00,P6,1339
2014-01-05T13:30:00,P6,1298
2014-01-05T14:00:00,P6,1271
2014-01-05T14:30:00,P6,1374
2014-01-05T15:00:00,P6,1403
2014-01-05T15:30:00,P6,1403
2014-01-05T16:00:00,P6,1393
2014-01-05T16:30:00,P6,1357
2014-01-05T17:00:00,P6,1368
2014-01-05T17:30:00,P6,1415
2014-01-05T18:00:00,P6,1392
2014-01-05T18:30:00,P6,1382
2014-01-05T19:00:00,P6,1391
2014-01-05T19:30:00,P6,1338
2014-01-05T20:00:00,P6,1348
2014-01-05T20:30:00,P6,1355
2014-01-05T21:00:00,P6,1361
2014-01-05T21:30:00,P6,1382
2014-01-05T22:00:00,P6,1366
2014-01-05T22:30:00,P6,1314
2014-01-05T23:00:00,P6,1344
2014-01-05T23:30:00,P6,1319
2014-01-06T00:00:00,P6,1297
2014-01-06T00:30:00,P6,1312
2014-01-06T01:00:00,P6,1285
2014-01-06T01:30:00,P6,1229
2014-01-06T02:00:00,P6,1228
2014-01-06T02:30:00,P6,1207
2014-01-06T03:00:00,P6,1200
2014-01-06T03:30:00,P6,1172
2014-01-06T04:00:00,P6,1175
2014-01-06T04:30:00,P6,1135
2014-01-06T05:00:00,P6,1146
2014-01-06T05:30:00,P6,1153
2014-01-06T06:00:00,P6,1158
2014-01-06T06:30:00,P6,1160
2014-01-06T07:00:00,P6,1168
2014-01-06T07:30:00,P6,1153
2014-01-06T08:00:00,P6,1164
2014-01-06T08:30:00,P6,1192
2014-01-06T09:00:00,P6,1226
2014-01-06T09:30:00,P6,1243
2014-01-06T10:00:00,P6,1339
2014-01-06T10:30:00,P6,1386
2014-01-06T11:00:00,P6,1369
2014-01-06T11:30:00,P6,1397
2014-01-06T12:00:00,P6,1426
2014-01-06T12:30:00,P6,1423
2014-01-06T13:00:00,P6,1369
2014-01-06T13:30:00,P6,1301
2014-01-06T14:00:00,P6,1272
2014-01-06T14:30:00,P6,1406
2014-01-06T15:00:00,P6,1364
2014-01-06T15:30:00,P6,1360
2014-01-06T16:00:00,P6,1436
2014-01-06T16:30:00,P6,1367
2014-01-06T17:00:00,P6,1372
2014-01-06T17:30:00,P6,1417
2014-01-06T18:00:00,P6,1404
2014-01-06T18:30:00,P6,1350
2014-01-06T19:00:00,P6,1382
2014-01-06T19:30:00,P6,1330
2014-01-06T20:00:00,P6,1340
2014-01-06T20:30:00,P6,1338
2014-01-06T21:00:00,P6,1312
2014-01-06T21:30:00,P6,1312
2014-01-06T22:00:00,P6,1297
2014-01-06T22:30:00,P6,1274
2014-01-06T23:00:00,P6,1249
2014-01-06T23:30:00,P6,1262
2014-01-07T00:00:00,P6,1224
2014-01-07T00:30:00,P6,1182
2014-01-07T01:00:00,P6,1169
2014-01-07T01:30:00,P6,1158
2014-01-07T02:00:00,P6,1121
2014-01-07T02:30:00,P6,1124
2014-01-07T03:00:00,P6,1112
2014-01-07T03:30:00,P6,1102
2014-01-07T04:00:00,P6,1082
2014-01-07T04:30:00,P6,1076
2014-01-07T05:00:00,P6,1085
2014-01-07T05:30:00,P6,1081
2014-01-07T06:00:00,P6,1067
2014-01-07T06:30:00,P6,1088
2014-01-07T07:00:00,P6,1088
2014-01-07T07:30:00,P6,1087
2014-01-07T08:00:00,P6,1104
2014-01-07T08:30:00,P6,1111
2014-01-07T09:00:00,P6,1094
2014-01-07T09:30:00,P6,1112
2014-01-07T10:00:00,P6,1145
2014-01-07T10:30:00,P6,1158
2014-01-07T11:00:00,P6,1170
2014-01-07T11:30:00,P6,1189
2014-01-07T12:00:00,P6,1177
2014-01-07T12:30:00,P6,1184
2014-01-07T13:00:00,P6,1163
2014-01-07T13:30:00,P6,1164
2014-01-07T14:00:00,P6,1177
2014-01-07T14:30:00,P6,1178
2014-01-07T15:00:00,P6,1153
2014-01-07T15:30:00,P6,1148
2014-01-07T16:00:00,P6,1134
2014-01-07T16:30:00,P6,1138
2014-01-07T17:00:00,P6,1177
2014-01-07T17:30:00,P6,1172
2014-01-07T18:00:00,P6,1199
2014-01-07T18:30:00,P6,1217
2014-01-07T19:00:00,P6,1211
2014-01-07T19:30:00,P6,1194
2014-01-07T20:00:00,P6,1188
2014-01-07T20:30:00,P6,1165
2014-01-07T21:00:00,P6,1170
2014-01-07T21:30:00,P6,1159
2014-01-07T22:00:00,P6,1162
2014-01-07T22:30:00,P6,1146
2014-01-07T23:00:00,P6,1135
2014-01-07T23:30:00,P6,1123
2014-01-08T00:00:00,P6,1105
2014-01-08T00:30:00,P6,1092
2014-01-08T01:00:00,P6,1056
2014-01-08T01:30:00,P6,1064
2014-01-08T02:00:00,P6,1050
2014-01-08T02:30:00,P6,1032
2014-01-08T03:00:00,P6,1022
2014-01-08T03:30:00,P6,1001
2014-01-08T04:00:00,P6,990
2014-01-08T04:30:00,P6,1003
2014-01-08T05:00:00,P6,995
2014-01-08T05:30:00,P6,1012
2014-01-08T06:00:00,P6,1019
2014-01-08T06:30:00,P6,1014
2014-01-08T07:00:00,P6,1012
2014-01-08T07:30:00,P6,1032
2014-01-08T08:00:00,P6,1037
2014-01-08T08:30:00,P6,1049
2014-01-08T09:00:00,P6,1049
2014-01-08T09:30:00,P6,1052
2014-01-08T10:00:00,P6,1079
2014-01-08T10:30:00,P6,1123
2014-01-08T11:00:00,P6,1129
2014-01-08T11:30:00,P6,1100
2014-01-08T12:00:00,P6,1094
2014-01-08T12:30:00,P6,1067
2014-01-08T13:00:00,P6,1068
2014-01-08T13:30:00,P6,1048
2014-01-08T14:00:00,P6,1044
2014-01-08T14:30:00,P6,1033
2014-01-08T15:00:00,P6,1045
2014-01-08T15:30:00,P6,1049
2014-01-08T16:00:00,P6,1030
2014-01-08T16:30:00,P6,1022
2014-01-08T17:00:00,P6,1048
2014-01-08T17:30:00,P6,1064
2014-01-08T18:00:00,P6,1105
2014-01-08T18:30:00,P6,1117
2014-01-08T19:00:00,P6,1097
2014-01-08T19:30:00,P6,1104
2014-01-08T20:00:00,P6,1105
2014-01-08T20:30:00,P6,1084
2014-01-08T21:00:00,P6,1075
2014-01-08T21:30:00,P6,1060
2014-01-08T22:00:00,P6,1050
2014-01-08T22:30:00,P6,1033
2014-01-08T23:00:00,P6,1008
2014-01-08T23:30:00,P6,989
2014-01-09T00:00:00,P6,978
2014-01-09T00:30:00,P6,959
2014-01-09T01:00:00,P6,947
2014-01-09T01:30:00,P6,936
2014-01-09T02:00:00,P6,932
2014-01-09T02:30:00,P6,908
2014-01-09T03:00:00,P6,894
2014-01-09T03:30:00,P6,877
2014-01-09T04:00:00,P6,876
2014-01-09T04:30:00,P6,874
2014-01-09T05:00:00,P6,877
2014-01-09T05:30:00,P6,913
2014-01-09T06:00:00,P6,901
2014-01-09T06:30:00,P6,906
2014-01-09T07:00:00,P6,906
2014-01-09T07:30:00,P6,895
2014-01-09T08:00:00,P6,923
2014-01-09T08:30:00,P6,971
2014-01-09T09:00:00,P6,1001
2014-01-09T09:30:00,P6,1110
2014-01-09T10:00:00,P6,1144
2014-01-09T10:30:00,P6,1193
2014-01-09T11:00:00,P6,1158
2014-01-09T11:30:00,P6,1190
2014-01-09T12:00:00,P6,1187
2014-01-09T12:30:00,P6,1172
2014-01-09T13:00:00,P6,1122
2014-01-09T13:30:00,P6,1042
2014-01-09T14:00:00,P6,1122
2014-01-09T14:30:00,P6,1126
2014-01-09T15:00:00,P6,1140
2014-01-09T15:30:00,P6,1178
2014-01-09T16:00:00,P6,1194
2014-01-09T16:30:00,P6,1212
2014-01-09T17:00:00,P6,1214
2014-01-09T17:30:00,P6,1243
2014-01-09T18:00:00,P6,1240
2014-01-09T18:30:00,P6,1181
2014-01-09T19:00:00,P6,1213
2014-01-09T19:30:00,P6,1151
2014-01-09T20:00:00,P6,1129
2014-01-09T20:30:00,P6,1126
2014-01-09T21:00:00,P6,1085
2014-01-09T21:30:00,P6,1016
2014-01-09T22:00:00,P6,1015
2014-01-09T22:30:00,P6,1009
2014-01-09T23:00:00,P6,977
2014-01-09T23:30:00,P6,980
2014-01-10T00:00:00,P6,966
2014-01-10T00:30:00,P6,949
2014-01-10T01:00:00,P6,941
2014-01-10T01:30:00,P6,925
2014-01-10T02:00:00,P6,905
2014-01-10T02:30:00,P6,890
2014-01-10T03:00:00,P6,882
2014-01-10T03:30:00,P6,887
2014-01-10T04:00:00,P6,893
2014-01-10T04:30:00,P6,893
2014-01-10T05:00:00,P6,886
2014-01-10T05:30:00,P6,877
2014-01-10T06:00:00,P6,878
2014-01-10T06:30:00,P6,898
2014-01-10T07:00:00,P6,907
2014-01-10T07:30:00,P6,918
2014-01-10T08:00:00,P6,1010
2014-01-10T08:30:00,P6,1052
2014-01-10T09:00:00,P6,1072
2014-01-10T09:30:00,P6,1147
2014-01-10T10:00:00,P6,1220
2014-01-10T10:30:00,P6,1224
2014-01-10T11:00:00,P6,1222
2014-01-10T11:30:00,P6,1309
2014-01-10T12:00:00,P6,1265
2014-01-10T12:30:00,P6,1259
2014-01-10T13:00:00,P6,1216
2014-01-10T13:30:00,P6,1136
2014-01-10T14:00:00,P6,1219
2014-01-10T14:30:00,P6,1282
2014-01-10T15:00:00,P6,1259
2014-01-10T15:30:00,P6,1267
2014-01-10T16:00:00,P6,1204
2014-01-10T16:30:00,P6,1272
2014-01-10T17:00:00,P6,1283
2014-01-10T17:30:00,P6,1272
2014-01-10T18:00:00,P6,1255
2014-01-10T18:30:00,P6,1272
2014-01-10T19:00:00,P6,1300
2014-01-10T19:30:00,P6,1267
2014-01-10T20:00:00,P6,1240
2014-01-10T20:30:00,P6,1210
2014-01-10T21:00:00,P6,1193
2014-01-10T21:30:00,P6,1142
2014-01-10T22:00:00,P6,1171
2014-01-10T22:30:00,P6,1163
2014-01-10T23:00:00,P6,1139
2014-01-10T23:30:00,P6,1132
2014-01-11T00:00:00,P6,1122
2014-01-11T00:30:00,P6,1100
2014-01-11T01:00:00,P6,1091
2014-01-11T01:30:00,P6,1066
2014-01-11T02:00:00,P6,1040
2014-01-11T02:30:00,P6,1027
2014-01-11T03:00:00,P6,1043
2014-01-11T03:30:00,P6,1038
2014-01-11T04:00:00,P6,1014
2014-01-11T04:30:00,P6,1019
2014-01-11T05:00:00,P6,1026
2014-01-11T05:30:00,P6,1046
2014-01-11T06:00:00,P6,1055
2014-01-11T06:30:00,P6,1069
2014-01-11T07:00:00,P6,1080
2014-01-11T07:30:00,P6,1111
2014-01-11T08:00:00,P6,1115
2014-01-11T08:30:00,P6,1116
2014-01-11T09:00:00,P6,1162
2014-01-11T09:30:00,P6,1248
2014-01-11T10:00:00,P6,1276
2014-01-11T10:30:00,P6,1322
2014-01-11T11:00:00,P6,1310
2014-01-11T11:30:00,P6,1315
2014-01-11T12:00:00,P6,1312
2014-01-11T12:30:00,P6,1319
2014-01-11T13:00:00,P6,1325
2014-01-11T13:30:00,P6,1340
2014-01-11T14:00:00,P6,1340
2014-01-11T14:30:00,P6,1343
2014-01-11T15:00:00,P6,1349
2014-01-11T15:30:00,P6,1312
2014-01-11T16:00:00,P6,1313
2014-01-11T16:30:00,P6,1331
2014-01-11T17:00:00,P6,1358
2014-01-11T17:30:00,P6,1360
2014-01-11T18:00:00,P6,1367
2014-01-11T18:30:00,P6,1386
2014-01-11T19:00:00,P6,1411
2014-01-11T19:30:00,P6,1394
2014-01-11T20:00:00,P6,1396
2014-01-11T20:30:00,P6,1396
2014-01-11T21:00:00,P6,1392
2014-01-11T21:30:00,P6,1388
2014-01-11T22:00:00,P6,1386
2014-01-11T22:30:00,P6,1386
2014-01-11T23:00:00,P6,1368
2014-01-11T23:30:00,P6,1355
2014-01-12T00:00:00,P6,1325
2014-01-12T00:30:00,P6,1288
2014-01-12T01:00:00,P6,1296
2014-01-12T01:30:00,P6,1272
2014-01-12T02:00:00,P6,1260
2014-01-12T02:30:00,P6,1231
2014-01-12T03:00:00,P6,1225
2014-01-12T03:30:00,P6,1200
2014-01-12T04:00:00,P6,1223
2014-01-12T04:30:00,P6,1216
2014-01-12T05:00:00,P6,1217
2014-01-12T05:30:00,P6,1217
2014-01-12T06:00:00,P6,1217
2014-01-12T06:30:00,P6,1234
2014-01-12T07:00:00,P6,1241
2014-01-12T07:30:00,P6,1246
2014-01-12T08:00:00,P6,1231
2014-01-12T08:30:00,P6,1242
2014-01-12T09:00:00,P6,1260
2014-01-12T09:30:00,P6,1291
2014-01-12T10:00:00,P6,1288
2014-01-12T10:30:00,P6,1318
2014-01-12T11:00:00,P6,1337
2014-01-12T11:30:00,P6,1336
2014-01-12T12:00:00,P6,1321
2014-01-12T12:30:00,P6,1319
2014-01-12T13:00:00,P6,1315
2014-01-12T13:30:00,P6,1301
2014-01-12T14:00:00,P6,1268
2014-01-12T14:30:00,P6,1256
2014-01-12T15:00:00,P6,1264
2014-01-12T15:30:00,P6,1255
2014-01-12T16:00:00,P6,1244
2014-01-12T16:30:00,P6,1235
2014-01-12T17:00:00,P6,1255
2014-01-12T17:30:00,P6,1259
2014-01-12T18:00:00,P6,1270
2014-01-12T18:30:00,P6,1309
2014-01-12T19:00:00,P6,1304
2014-01-12T19:30:00,P6,1286
2014-01-12T20:00:00,P6,1285
2014-01-12T20:30:00,P6,1283
2014-01-12T21:00:00,P6,1267
2014-01-12T21:30:00,P6,1265
2014-01-12T22:00:00,P6,1277
2014-01-12T22:30:00,P6,1252
2014-01-12T23:00:00,P6,1224
2014-01-12T23:30:00,P6,1205
2014-01-13T00:00:00,P6,1192
2014-01-13T00:30:00,P6,1187
2014-01-13T01:00:00,P6,1202
2014-01-13T01:30:00,P6,1180
2014-01-13T02:00:00,P6,1163
2014-01-13T02:30:00,P6,1162
2014-01-13T03:00:00,P6,1150
2014-01-13T03:30:00,P6,1146
2014-01-13T04:00:00,P6,1166
2014-01-13T04:30:00,P6,1141
2014-01-13T05:00:00,P6,1165
2014-01-13T05:30:00,P6,1182
2014-01-13T06:00:00,P6,1178
2014-01-13T06:30:00,P6,1182
2014-01-13T07:00:00,P6,1213
2014-01-13T07:30:00,P6,1200
2014-01-13T08:00:00,P6,1217
2014-01-13T08:30:00,P6,1242
2014-01-13T09:00:00,P6,1278
2014-01-13T09:30:00,P6,1372
2014-01-13T10:00:00,P6,1475
2014-01-13T10:30:00,P6,1490
2014-01-13T11:00:00,P6,1478
2014-01-13T11:30:00,P6,1522
2014-01-13T12:00:00,P6,1459
2014-01-13T12:30:00,P6,1452
2014-01-13T13:00:00,P6,1441
2014-01-13T13:30:00,P6,1394
2014-01-13T14:00:00,P6,1319
2014-01-13T14:30:00,P6,1308
2014-01-13T15:00:00,P6,1240
2014-01-13T15:30:00,P6,1279
2014-01-13T16:00:00,P6,1363
2014-01-13T16:30:00,P6,1351
2014-01-13T17:00:00,P6,1369
2014-01-13T17:30:00,P6,1378
2014-01-13T18:00:00,P6,1370
2014-01-13T18:30:00,P6,1355
2014-01-13T19:00:00,P6,1411
2014-01-13T19:30:00,P6,1394
2014-01-13T20:00:00,P6,1367
2014-01-13T20:30:00,P6,1296
2014-01-13T21:00:00,P6,1235
2014-01-13T21:30:00,P6,1247
2014-01-13T22:00:00,P6,1229
2014-01-13T22:30:00,P6,1230
2014-01-13T23:00:00,P6,1188
2014-01-13T23:30:00,P6,1205
2014-01-14T00:00:00,P6,1196
2014-01-14T00:30:00,P6,1198
2014-01-14T01:00:00,P6,1177
2014-01-14T01:30:00,P6,1162
2014-01-14T02:00:00,P6,1158
2014-01-14T02:30:00,P6,1154
2014-01-14T03:00:00,P6,1147
2014-01-14T03:30:00,P6,1141
2014-01-14T04:00:00,P6,1152
2014-01-14T04:30:00,P6,1159
2014-01-14T05:00:00,P6,1147
2014-01-14T05:30:00,P6,1148
2014-01-14T06:00:00,P6,1152
2014-01-14T06:30:00,P6,1157
2014-01-14T07:00:00,P6,1159
2014-01-14T07:30:00,P6,1171
2014-01-14T08:00:00,P6,1232
2014-01-14T08:30:00,P6,1232
2014-01-14T09:00:00,P6,1266
2014-01-14T09:30:00,P6,1356
2014-01-14T10:00:00,P6,1357
2014-01-14T10:30:00,P6,1342
2014-01-14T11:00:00,P6,1309
2014-01-14T11:30:00,P6,1309
2014-01-14T12:00:00,P6,1430
2014-01-14T12:30:00,P6,1426
2014-01-14T13:00:00,P6,1396
2014-01-14T13:30:00,P6,1320
2014-01-14T14:00:00,P6,1336
2014-01-14T14:30:00,P6,1388
2014-01-14T15:00:00,P6,1385
2014-01-14T15:30:00,P6,1430
2014-01-14T16:00:00,P6,1427
2014-01-14T16:30:00,P6,1382
2014-01-14T17:00:00,P6,1416
2014-01-14T17:30:00,P6,1426
2014-01-14T18:00:00,P6,1518
2014-01-14T18:30:00,P6,1456
2014-01-14T19:00:00,P6,1506
2014-01-14T19:30:00,P6,1499
2014-01-14T20:00:00,P6,1439
2014-01-14T20:30:00,P6,1421
2014-01-14T21:00:00,P6,1366
2014-01-14T21:30:00,P6,1358
2014-01-14T22:00:00,P6,1304
2014-01-14T22:30:00,P6,1277
2014-01-14T23:00:00,P6,1246
2014-01-14T23:30:00,P6,1236
2014-01-15T00:00:00,P6,1222
2014-01-15T00:30:00,P6,1225
2014-01-15T01:00:00,P6,1222
2014-01-15T01:30:00,P6,1205
2014-01-15T02:00:00,P6,1211
2014-01-15T02:30:00,P6,1208
2014-01-15T03:00:00,P6,1193
2014-01-15T03:30:00,P6,1189
2014-01-15T04:00:00,P6,1181
2014-01-15T04:30:00,P6,1177
2014-01-15T05:00:00,P6,1194
2014-01-15T05:30:00,P6,1188
2014-01-15T06:00:00,P6,1200
2014-01-15T06:30:00,P6,1190
2014-01-15T07:00:00,P6,1198
2014-01-15T07:30:00,P6,1206
2014-01-15T08:00:00,P6,1228
2014-01-15T08:30:00,P6,1276
2014-01-15T09:00:00,P6,1303
2014-01-15T09:30:00,P6,1380
2014-01-15T10:00:00,P6,1446
2014-01-15T10:30:00,P6,1496
2014-01-15T11:00:00,P6,1496
2014-01-15T11:30:00,P6,1501
2014-01-15T12:00:00,P6,1459
2014-01-15T12:30:00,P6,1421
2014-01-15T13:00:00,P6,1378
2014-01-15T13:30:00,P6,1309
2014-01-15T14:00:00,P6,1306
2014-01-15T14:30:00,P6,1384
2014-01-15T15:00:00,P6,1392
2014-01-15T15:30:00,P6,1408
2014-01-15T16:00:00,P6,1434
2014-01-15T16:30:00,P6,1378
2014-01-15T17:00:00,P6,1438
2014-01-15T17:30:00,P6,1450
2014-01-15T18:00:00,P6,1457
2014-01-15T18:30:00,P6,1483
2014-01-15T19:00:00,P6,1559
2014-01-15T19:30:00,P6,1492
2014-01-15T20:00:00,P6,1436
2014-01-15T20:30:00,P6,1418
2014-01-15T21:00:00,P6,1411
2014-01-15T21:30:00,P6,1438
2014-01-15T22:00:00,P6,1440
2014-01-15T22:30:00,P6,1308
2014-01-15T23:00:00,P6,1330
2014-01-15T23:30:00,P6,1361
2014-01-16T00:00:00,P6,1344
2014-01-16T00:30:00,P6,1319
2014-01-16T01:00:00,P6,1274
2014-01-16T01:30:00,P6,1290
2014-01-16T02:00:00,P6,1297
2014-01-16T02:30:00,P6,1266
2014-01-16T03:00:00,P6,1250
2014-01-16T03:30:00,P6,1277
2014-01-16T04:00:00,P6,1282
2014-01-16T04:30:00,P6,1277
2014-01-16T05:00:00,P6,1270
2014-01-16T05:30:00,P6,1243
2014-01-16T06:00:00,P6,1235
2014-01-16T06:30:00,P6,1217
2014-01-16T07:00:00,P6,1234
2014-01-16T07:30:00,P6,1270
2014-01-16T08:00:00,P6,1273
2014-01-16T08:30:00,P6,1296
2014-01-16T09:00:00,P6,1290
2014-01-16T09:30:00,P6,1403
2014-01-16T10:00:00,P6,1471
2014-01-16T10:30:00,P6,1439
2014-01-16T11:00:00,P6,1364
2014-01-16T11:30:00,P6,1421
2014-01-16T12:00:00,P6,1392
2014-01-16T12:30:00,P6,1396
2014-01-16T13:00:00,P6,1331
2014-01-16T13:30:00,P6,1261
2014-01-16T14:00:00,P6,1327
2014-01-16T14:30:00,P6,1367
2014-01-16T15:00:00,P6,1363
2014-01-16T15:30:00,P6,1373
2014-01-16T16:00:00,P6,1406
2014-01-16T16:30:00,P6,1334
2014-01-16T17:00:00,P6,1378
2014-01-16T17:30:00,P6,1390
2014-01-16T18:00:00,P6,1349
2014-01-16T18:30:00,P6,1386
2014-01-16T19:00:00,P6,1441
2014-01-16T19:30:00,P6,1456
2014-01-16T20:00:00,P6,1428
2014-01-16T20:30:00,P6,1415
2014-01-16T21:00:00,P6,1418
2014-01-16T21:30:00,P6,1375
2014-01-16T22:00:00,P6,1349
2014-01-16T22:30:00,P6,1348
2014-01-16T23:00:00,P6,1363
2014-01-16T23:30:00,P6,1378
2014-01-17T00:00:00,P6,1362
2014-01-17T00:30:00,P6,1338
2014-01-17T01:00:00,P6,1308
2014-01-17T01:30:00,P6,1256
2014-01-17T02:00:00,P6,1248
2014-01-17T02:30:00,P6,1258
2014-01-17T03:00:00,P6,1264
2014-01-17T03:30:00,P6,1264
2014-01-17T04:00:00,P6,1267
2014-01-17T04:30:00,P6,1252
2014-01-17T05:00:00,P6,1277
2014-01-17T05:30:00,P6,1290
2014-01-17T06:00:00,P6,1285
2014-01-17T06:30:00,P6,1291
2014-01-01T00:30:00,P7,1098
2014-01-01T01:00:00,P7,1075
2014-01-01T01:30:00,P7,1065
2014-01-01T02:00:00,P7,1055
2014-01-01T02:30:00,P7,1015
2014-01-01T03:00:00,P7,988
2014-01-01T03:30:00,P7,970
2014-01-01T04:00:00,P7,952
2014-01-01T04:30:00,P7,920
2014-01-01T05:00:00,P7,917
2014-01-01T05:30:00,P7,890
2014-01-01T06:00:00,P7,870
2014-01-01T06:30:00,P7,843
2014-01-01T07:00:00,P7,830
2014-01-01T07:30:00,P7,830
2014-01-01T08:00:00,P7,860
2014-01-01T08:30:00,P7,871
2014-01-01T09:00:00,P7,878
2014-01-01T09:30:00,P7,900
2014-01-01T10:00:00,P7,906
2014-01-01T10:30:00,P7,936
2014-01-01T11:00:00,P7,967
2014-01-01T11:30:00,P7,1006
2014-01-01T12:00:00,P7,1006
2014-01-01T12:30:00,P7,1060
2014-01-01T13:00:00,P7,1114
2014-01-01T13:30:00,P7,1151
2014-01-01T14:00:00,P7,1172
2014-01-01T14:30:00,P7,1130
2014-01-01T15:00:00,P7,1109
2014-01-01T15:30:00,P7,1083
2014-01-01T16:00:00,P7,1087
2014-01-01T16:30:00,P7,1086
2014-01-01T17:00:00,P7,1098
2014-01-01T17:30:00,P7,1112
2014-01-01T18:00:00,P7,1151
2014-01-01T18:30:00,P7,1166
2014-01-01T19:00:00,P7,1150
2014-01-01T19:30:00,P7,1134
2014-01-01T20:00:00,P7,1150
2014-01-01T20:30:00,P7,1129
2014-01-01T21:00:00,P7,1142
2014-01-01T21:30:00,P7,1149
2014-01-01T22:00:00,P7,1136
2014-01-01T22:30:00,P7,1116
2014-01-01T23:00:00,P7,1122
2014-01-01T23:30:00,P7,1086
2014-01-02T00:00:00,P7,1083
2014-01-02T00:30:00,P7,1065
2014-01-02T01:00:00,P7,1070
2014-01-02T01:30:00,P7,1024
2014-01-02T02:00:00,P7,995
2014-01-02T02:30:00,P7,930
2014-01-02T03:00:00,P7,903
2014-01-02T03:30:00,P7,871
2014-01-02T04:00:00,P7,842
2014-01-02T04:30:00,P7,853
2014-01-02T05:00:00,P7,855
2014-01-02T05:30:00,P7,838
2014-01-02T06:00:00,P7,821
2014-01-02T06:30:00,P7,822
2014-01-02T07:00:00,P7,839
2014-01-02T07:30:00,P7,889
2014-01-02T08:00:00,P7,890
2014-01-02T08:30:00,P7,927
2014-01-02T09:00:00,P7,947
2014-01-02T09:30:00,P7,970
2014-01-02T10:00:00,P7,1002
2014-01-02T10:30:00,P7,1014
2014-01-02T11:00:00,P7,1070
2014-01-02T11:30:00,P7,1141
2014-01-02T12:00:00,P7,1186
2014-01-02T12:30:00,P7,1203
2014-01-02T13:00:00,P7,1190
2014-01-02T13:30:00,P7,1203
2014-01-02T14:00:00,P7,1218
2014-01-02T14:30:00,P7,1199
2014-01-02T15:00:00,P7,1181
2014-01-02T15:30:00,P7,1148
2014-01-02T16:00:00,P7,1171
2014-01-02T16:30:00,P7,1161
2014-01-02T17:00:00,P7,1182
2014-01-02T17:30:00,P7,1169
2014-01-02T18:00:00,P7,1221
2014-01-02T18:30:00,P7,1201
2014-01-02T19:00:00,P7,1183
2014-01-02T19:30:00,P7,1186
2014-01-02T20:00:00,P7,1190
2014-01-02T20:30:00,P7,1174
2014-01-02T21:00:00,P7,1209
2014-01-02T21:30:00,P7,1219
2014-01-02T22:00:00,P7,1212
2014-01-02T22:30:00,P7,1206
2014-01-02T23:00:00,P7,1179
2014-01-02T23:30:00,P7,1186
2014-01-03T00:00:00,P7,1129
2014-01-03T00:30:00,P7,1084
2014-01-03T01:00:00,P7,1066
2014-01-03T01:30:00,P7,1045
2014-01-03T02:00:00,P7,1046
2014-01-03T02:30:00,P7,989
2014-01-03T03:00:00,P7,973
2014-01-03T03:30:00,P7,943
2014-01-03T04:00:00,P7,909
2014-01-03T04:30:00,P7,899
2014-01-03T05:00:00,P7,907
2014-01-03T05:30:00,P7,908
2014-01-03T06:00:00,P7,902
2014-01-03T06:30:00,P7,909
2014-01-03T07:00:00,P7,903
2014-01-03T07:30:00,P7,927
2014-01-03T08:00:00,P7,954
2014-01-03T08:30:00,P7,981
2014-01-03T09:00:00,P7,1011
2014-01-03T09:30:00,P7,1046
2014-01-03T10:00:00,P7,1081
2014-01-03T10:30:00,P7,1108
2014-01-03T11:00:00,P7,1145
2014-01-03T11:30:00,P7,1154
2014-01-03T12:00:00,P7,1159
2014-01-03T12:30:00,P7,1197
2014-01-03T13:00:00,P7,1217
2014-01-03T13:30:00,P7,1233
2014-01-03T14:00:00,P7,1235
2014-01-03T14:30:00,P7,1188
2014-01-03T15:00:00,P7,1158
2014-01-03T15:30:00,P7,1162
2014-01-03T16:00:00,P7,1176
2014-01-03T16:30:00,P7,1164
2014-01-03T17:00:00,P7,1173
2014-01-03T17:30:00,P7,1235
2014-01-03T18:00:00,P7,1255
2014-01-03T18:30:00,P7,1244
2014-01-03T19:00:00,P7,1262
2014-01-03T19:30:00,P7,1239
2014-01-03T20:00:00,P7,1253
2014-01-03T20:30:00,P7,1254
2014-01-03T21:00:00,P7,1276
2014-01-03T21:30:00,P7,1249
2014-01-03T22:00:00,P7,1246
2014-01-03T22:30:00,P7,1224
2014-01-03T23:00:00,P7,1218
2014-01-03T23:30:00,P7,1198
2014-01-04T00:00:00,P7,1156
2014-01-04T00:30:00,P7,1102
2014-01-04T01:00:00,P7,1077
2014-01-04T01:30:00,P7,1054
2014-01-04T02:00:00,P7,1013
2014-01-04T02:30:00,P7,951
2014-01-04T03:00:00,P7,939
2014-01-04T03:30:00,P7,919
2014-01-04T04:00:00,P7,910
2014-01-04T04:30:00,P7,916
2014-01-04T05:00:00,P7,917
2014-01-04T05:30:00,P7,893
2014-01-04T06:00:00,P7,887
2014-01-04T06:30:00,P7,882
2014-01-04T07:00:00,P7,868
2014-01-04T07:30:00,P7,923
2014-01-04T08:00:00,P7,926
2014-01-04T08:30:00,P7,982
2014-01-04T09:00:00,P7,1003
2014-01-04T09:30:00,P7,1016
2014-01-04T10:00:00,P7,1061
2014-01-04T10:30:00,P7,1090
2014-01-04T11:00:00,P7,1130
2014-01-04T11:30:00,P7,1134
2014-01-04T12:00:00,P7,1147
2014-01-04T12:30:00,P7,1162
2014-01-04T13:00:00,P7,1178
2014-01-04T13:30:00,P7,1183
2014-01-04T14:00:00,P7,1182
2014-01-04T14:30:00,P7,1181
2014-01-04T15:00:00,P7,1163
2014-01-04T15:30:00,P7,1181
2014-01-04T16:00:00,P7,1154
2014-01-04T16:30:00,P7,1162
2014-01-04T17:00:00,P7,1166
2014-01-04T17:30:00,P7,1194
2014-01-04T18:00:00,P7,1219
2014-01-04T18:30:00,P7,1226
2014-01-04T19:00:00,P7,1250
2014-01-04T19:30:00,P7,1246
2014-01-04T20:00:00,P7,1281
2014-01-04T20:30:00,P7,1271
2014-01-04T21:00:00,P7,1268
2014-01-04T21:30:00,P7,1257
2014-01-04T22:00:00,P7,1247
2014-01-04T22:30:00,P7,1238
2014-01-04T23:00:00,P7,1214
2014-01-04T23:30:00,P7,1190
2014-01-05T00:00:00,P7,1159
2014-01-05T00:30:00,P7,1093
2014-01-05T01:00:00,P7,1060
2014-01-05T01:30:00,P7,1006
2014-01-05T02:00:00,P7,998
2014-01-05T02:30:00,P7,937
2014-01-05T03:00:00,P7,934
2014-01-05T03:30:00,P7,906
2014-01-05T04:00:00,P7,910
2014-01-05T04:30:00,P7,911
2014-01-05T05:00:00,P7,906
2014-01-05T05:30:00,P7,885
2014-01-05T06:00:00,P7,848
2014-01-05T06:30:00,P7,856
2014-01-05T07:00:00,P7,866
2014-01-05T07:30:00,P7,898
2014-01-05T08:00:00,P7,940
2014-01-05T08:30:00,P7,972
2014-01-05T09:00:00,P7,987
2014-01-05T09:30:00,P7,976
2014-01-05T10:00:00,P7,1013
2014-01-05T10:30:00,P7,1046
2014-01-05T11:00:00,P7,1087
2014-01-05T11:30:00,P7,1113
2014-01-05T12:00:00,P7,1140
2014-01-05T12:30:00,P7,1166
2014-01-05T13:00:00,P7,1168
2014-01-05T13:30:00,P7,1144
2014-01-05T14:00:00,P7,1157
2014-01-05T14:30:00,P7,1148
2014-01-05T15:00:00,P7,1117
2014-01-05T15:30:00,P7,1146
2014-01-05T16:00:00,P7,1134
2014-01-05T16:30:00,P7,1134
2014-01-05T17:00:00,P7,1136
2014-01-05T17:30:00,P7,1127
2014-01-05T18:00:00,P7,1133
2014-01-05T18:30:00,P7,1218
2014-01-05T19:00:00,P7,1210
2014-01-05T19:30:00,P7,1218
2014-01-05T20:00:00,P7,1226
2014-01-05T20:30:00,P7,1217
2014-01-05T21:00:00,P7,1231
2014-01-05T21:30:00,P7,1189
2014-01-05T22:00:00,P7,1225
2014-01-05T22:30:00,P7,1206
2014-01-05T23:00:00,P7,1197
2014-01-05T23:30:00,P7,1157
2014-01-06T00:00:00,P7,1115
2014-01-06T00:30:00,P7,1076
2014-01-06T01:00:00,P7,999
2014-01-06T01:30:00,P7,976
2014-01-06T02:00:00,P7,951
2014-01-06T02:30:00,P7,919
2014-01-06T03:00:00,P7,894
2014-01-06T03:30:00,P7,877
2014-01-06T04:00:00,P7,856
2014-01-06T04:30:00,P7,862
2014-01-06T05:00:00,P7,846
2014-01-06T05:30:00,P7,833
2014-01-06T06:00:00,P7,838
2014-01-06T06:30:00,P7,841
2014-01-06T07:00:00,P7,853
2014-01-06T07:30:00,P7,886
2014-01-06T08:00:00,P7,941
2014-01-06T08:30:00,P7,959
2014-01-06T09:00:00,P7,966
2014-01-06T09:30:00,P7,988
2014-01-06T10:00:00,P7,1010
2014-01-06T10:30:00,P7,1034
2014-01-06T11:00:00,P7,1083
2014-01-06T11:30:00,P7,1138
2014-01-06T12:00:00,P7,1106
2014-01-06T12:30:00,P7,1134
2014-01-06T13:00:00,P7,1122
2014-01-06T13:30:00,P7,1116
2014-01-06T14:00:00,P7,1112
2014-01-06T14:30:00,P7,1093
2014-01-06T15:00:00,P7,1102
2014-01-06T15:30:00,P7,1119
2014-01-06T16:00:00,P7,1102
2014-01-06T16:30:00,P7,1069
2014-01-06T17:00:00,P7,1074
2014-01-06T17:30:00,P7,1126
2014-01-06T18:00:00,P7,1168
2014-01-06T18:30:00,P7,1207
2014-01-06T19:00:00,P7,1219
2014-01-06T19:30:00,P7,1186
2014-01-06T20:00:00,P7,1207
2014-01-06T20:30:00,P7,1175
2014-01-06T21:00:00,P7,1165
2014-01-06T21:30:00,P7,1175
2014-01-06T22:00:00,P7,1193
2014-01-06T22:30:00,P7,1174
2014-01-06T23:00:00,P7,1161
2014-01-06T23:30:00,P7,1153
2014-01-07T00:00:00,P7,1124
2014-01-07T00:30:00,P7,1077
2014-01-07T01:00:00,P7,1035
2014-01-07T01:30:00,P7,1025
2014-01-07T02:00:00,P7,978
2014-01-07T02:30:00,P7,944
2014-01-07T03:00:00,P7,915
2014-01-07T03:30:00,P7,874
2014-01-07T04:00:00,P7,850
2014-01-07T04:30:00,P7,849
2014-01-07T05:00:00,P7,844
2014-01-07T05:30:00,P7,821
2014-01-07T06:00:00,P7,834
2014-01-07T06:30:00,P7,842
2014-01-07T07:00:00,P7,854
2014-01-07T07:30:00,P7,859
2014-01-07T08:00:00,P7,871
2014-01-07T08:30:00,P7,906
2014-01-07T09:00:00,P7,950
2014-01-07T09:30:00,P7,959
2014-01-07T10:00:00,P7,1008
2014-01-07T10:30:00,P7,1028
2014-01-07T11:00:00,P7,1092
2014-01-07T11:30:00,P7,1097
2014-01-07T12:00:00,P7,1127
2014-01-07T12:30:00,P7,1139
2014-01-07T13:00:00,P7,1166
2014-01-07T13:30:00,P7,1147
2014-01-07T14:00:00,P7,1138
2014-01-07T14:30:00,P7,1133
2014-01-07T15:00:00,P7,1129
2014-01-07T15:30:00,P7,1087
2014-01-07T16:00:00,P7,1071
2014-01-07T16:30:00,P7,1078
2014-01-07T17:00:00,P7,1112
2014-01-07T17:30:00,P7,1121
2014-01-07T18:00:00,P7,1123
2014-01-07T18:30:00,P7,1138
2014-01-07T19:00:00,P7,1128
2014-01-07T19:30:00,P7,1154
2014-01-07T20:00:00,P7,1154
2014-01-07T20:30:00,P7,1138
2014-01-07T21:00:00,P7,1146
2014-01-07T21:30:00,P7,1134
2014-01-07T22:00:00,P7,1142
2014-01-07T22:30:00,P7,1154
2014-01-07T23:00:00,P7,1138
2014-01-07T23:30:00,P7,1134
2014-01-08T00:00:00,P7,1082
2014-01-08T00:30:00,P7,1044
2014-01-08T01:00:00,P7,1005
2014-01-08T01:30:00,P7,985
2014-01-08T02:00:00,P7,938
2014-01-08T02:30:00,P7,906
2014-01-08T03:00:00,P7,890
2014-01-08T03:30:00,P7,874
2014-01-08T04:00:00,P7,850
2014-01-08T04:30:00,P7,830
2014-01-08T05:00:00,P7,837
2014-01-08T05:30:00,P7,846
2014-01-08T06:00:00,P7,839
2014-01-08T06:30:00,P7,845
2014-01-08T07:00:00,P7,853
2014-01-08T07:30:00,P7,875
2014-01-08T08:00:00,P7,907
2014-01-08T08:30:00,P7,941
2014-01-08T09:00:00,P7,942
2014-01-08T09:30:00,P7,974
2014-01-08T10:00:00,P7,1012
2014-01-08T10:30:00,P7,1046
2014-01-08T11:00:00,P7,1043
2014-01-08T11:30:00,P7,1040
2014-01-08T12:00:00,P7,1049
2014-01-08T12:30:00,P7,1062
2014-01-08T13:00:00,P7,1068
2014-01-08T13:30:00,P7,1085
2014-01-08T14:00:00,P7,1061
2014-01-08T14:30:00,P7,1040
2014-01-08T15:00:00,P7,1015
2014-01-08T15:30:00,P7,1014
2014-01-08T16:00:00,P7,1014
2014-01-08T16:30:00,P7,1036
2014-01-08T17:00:00,P7,1049
2014-01-08T17:30:00,P7,1062
2014-01-08T18:00:00,P7,1097
2014-01-08T18:30:00,P7,1118
2014-01-08T19:00:00,P7,1101
2014-01-08T19:30:00,P7,1123
2014-01-08T20:00:00,P7,1134
2014-01-08T20:30:00,P7,1143
2014-01-08T21:00:00,P7,1142
2014-01-08T21:30:00,P7,1105
2014-01-08T22:00:00,P7,1118
2014-01-08T22:30:00,P7,1102
2014-01-08T23:00:00,P7,1071
2014-01-08T23:30:00,P7,1044
2014-01-09T00:00:00,P7,1009
2014-01-09T00:30:00,P7,977
2014-01-09T01:00:00,P7,950
2014-01-09T01:30:00,P7,893
2014-01-09T02:00:00,P7,863
2014-01-09T02:30:00,P7,843
2014-01-09T03:00:00,P7,830
2014-01-09T03:30:00,P7,822
2014-01-09T04:00:00,P7,805
2014-01-09T04:30:00,P7,798
2014-01-09T05:00:00,P7,787
2014-01-09T05:30:00,P7,785
2014-01-09T06:00:00,P7,793
2014-01-09T06:30:00,P7,799
2014-01-09T07:00:00,P7,809
2014-01-09T07:30:00,P7,862
2014-01-09T08:00:00,P7,904
2014-01-09T08:30:00,P7,912
2014-01-09T09:00:00,P7,895
2014-01-09T09:30:00,P7,922
2014-01-09T10:00:00,P7,947
2014-01-09T10:30:00,P7,970
2014-01-09T11:00:00,P7,1004
2014-01-09T11:30:00,P7,1015
2014-01-09T12:00:00,P7,998
2014-01-09T12:30:00,P7,1014
2014-01-09T13:00:00,P7,1010
2014-01-09T13:30:00,P7,1001
2014-01-09T14:00:00,P7,988
2014-01-09T14:30:00,P7,965
2014-01-09T15:00:00,P7,934
2014-01-09T15:30:00,P7,940
2014-01-09T16:00:00,P7,939
2014-01-09T16:30:00,P7,965
2014-01-09T17:00:00,P7,970
2014-01-09T17:30:00,P7,992
2014-01-09T18:00:00,P7,1031
2014-01-09T18:30:00,P7,1051
2014-01-09T19:00:00,P7,1084
2014-01-09T19:30:00,P7,1099
2014-01-09T20:00:00,P7,1084
2014-01-09T20:30:00,P7,1098
2014-01-09T21:00:00,P7,1095
2014-01-09T21:30:00,P7,1088
2014-01-09T22:00:00,P7,1062
2014-01-09T22:30:00,P7,1061
2014-01-09T23:00:00,P7,1050
2014-01-09T23:30:00,P7,1025
2014-01-10T00:00:00,P7,987
2014-01-10T00:30:00,P7,960
2014-01-10T01:00:00,P7,914
2014-01-10T01:30:00,P7,877
2014-01-10T02:00:00,P7,826
2014-01-10T02:30:00,P7,806
2014-01-10T03:00:00,P7,794
2014-01-10T03:30:00,P7,775
2014-01-10T04:00:00,P7,754
2014-01-10T04:30:00,P7,743
2014-01-10T05:00:00,P7,754
2014-01-10T05:30:00,P7,748
2014-01-10T06:00:00,P7,742
2014-01-10T06:30:00,P7,776
2014-01-10T07:00:00,P7,795
2014-01-10T07:30:00,P7,818
2014-01-10T08:00:00,P7,861
2014-01-10T08:30:00,P7,905
2014-01-10T09:00:00,P7,894
2014-01-10T09:30:00,P7,925
2014-01-10T10:00:00,P7,923
2014-01-10T10:30:00,P7,939
2014-01-10T11:00:00,P7,986
2014-01-10T11:30:00,P7,985
2014-01-10T12:00:00,P7,990
2014-01-10T12:30:00,P7,993
2014-01-10T13:00:00,P7,979
2014-01-10T13:30:00,P7,963
2014-01-10T14:00:00,P7,970
2014-01-10T14:30:00,P7,944
2014-01-10T15:00:00,P7,984
2014-01-10T15:30:00,P7,987
2014-01-10T16:00:00,P7,1007
2014-01-10T16:30:00,P7,1001
2014-01-10T17:00:00,P7,997
2014-01-10T17:30:00,P7,1020
2014-01-10T18:00:00,P7,1061
2014-01-10T18:30:00,P7,1115
2014-01-10T19:00:00,P7,1181
2014-01-10T19:30:00,P7,1206
2014-01-10T20:00:00,P7,1215
2014-01-10T20:30:00,P7,1201
2014-01-10T21:00:00,P7,1144
2014-01-10T21:30:00,P7,1152
2014-01-10T22:00:00,P7,1169
2014-01-10T22:30:00,P7,1174
2014-01-10T23:00:00,P7,1171
2014-01-10T23:30:00,P7,1143
2014-01-11T00:00:00,P7,1122
2014-01-11T00:30:00,P7,1061
2014-01-11T01:00:00,P7,998
2014-01-11T01:30:00,P7,964
2014-01-11T02:00:00,P7,940
2014-01-11T02:30:00,P7,930
2014-01-11T03:00:00,P7,921
2014-01-11T03:30:00,P7,898
2014-01-11T04:00:00,P7,900
2014-01-11T04:30:00,P7,846
2014-01-11T05:00:00,P7,844
2014-01-11T05:30:00,P7,858
2014-01-11T06:00:00,P7,857
2014-01-11T06:30:00,P7,902
2014-01-11T07:00:00,P7,908
2014-01-11T07:30:00,P7,919
2014-01-11T08:00:00,P7,978
2014-01-11T08:30:00,P7,1006
2014-01-11T09:00:00,P7,1020
2014-01-11T09:30:00,P7,1056
2014-01-11T10:00:00,P7,1088
2014-01-11T10:30:00,P7,1139
2014-01-11T11:00:00,P7,1172
2014-01-11T11:30:00,P7,1197
2014-01-11T12:00:00,P7,1212
2014-01-11T12:30:00,P7,1199
2014-01-11T13:00:00,P7,1194
2014-01-11T13:30:00,P7,1180
2014-01-11T14:00:00,P7,1174
2014-01-11T14:30:00,P7,1188
2014-01-11T15:00:00,P7,1194
2014-01-11T15:30:00,P7,1178
2014-01-11T16:00:00,P7,1182
2014-01-11T16:30:00,P7,1170
2014-01-11T17:00:00,P7,1170
2014-01-11T17:30:00,P7,1203
2014-01-11T18:00:00,P7,1234
2014-01-11T18:30:00,P7,1272
2014-01-11T19:00:00,P7,1306
2014-01-11T19:30:00,P7,1280
2014-01-11T20:00:00,P7,1302
2014-01-11T20:30:00,P7,1286
2014-01-11T21:00:00,P7,1285
2014-01-11T21:30:00,P7,1302
2014-01-11T22:00:00,P7,1283
2014-01-11T22:30:00,P7,1294
2014-01-11T23:00:00,P7,1279
2014-01-11T23:30:00,P7,1264
2014-01-12T00:00:00,P7,1248
2014-01-12T00:30:00,P7,1186
2014-01-12T01:00:00,P7,1134
2014-01-12T01:30:00,P7,1102
2014-01-12T02:00:00,P7,1082
2014-01-12T02:30:00,P7,1058
2014-01-12T03:00:00,P7,1032
2014-01-12T03:30:00,P7,1018
2014-01-12T04:00:00,P7,1026
2014-01-12T04:30:00,P7,987
2014-01-12T05:00:00,P7,970
2014-01-12T05:30:00,P7,962
2014-01-12T06:00:00,P7,950
2014-01-12T06:30:00,P7,972
2014-01-12T07:00:00,P7,985
2014-01-12T07:30:00,P7,977
2014-01-12T08:00:00,P7,1019
2014-01-12T08:30:00,P7,1017
2014-01-12T09:00:00,P7,1028
2014-01-12T09:30:00,P7,1073
2014-01-12T10:00:00,P7,1087
2014-01-12T10:30:00,P7,1131
2014-01-12T11:00:00,P7,1184
2014-01-12T11:30:00,P7,1210
2014-01-12T12:00:00,P7,1242
2014-01-12T12:30:00,P7,1223
2014-01-12T13:00:00,P7,1215
2014-01-12T13:30:00,P7,1230
2014-01-12T14:00:00,P7,1216
2014-01-12T14:30:00,P7,1230
2014-01-12T15:00:00,P7,1219
2014-01-12T15:30:00,P7,1234
2014-01-12T16:00:00,P7,1244
2014-01-12T16:30:00,P7,1215
2014-01-12T17:00:00,P7,1204
2014-01-12T17:30:00,P7,1214
2014-01-12T18:00:00,P7,1251
2014-01-12T18:30:00,P7,1287
2014-01-12T19:00:00,P7,1296
2014-01-12T19:30:00,P7,1306
2014-01-12T20:00:00,P7,1310
2014-01-12T20:30:00,P7,1303
2014-01-12T21:00:00,P7,1312
2014-01-12T21:30:00,P7,1309
2014-01-12T22:00:00,P7,1275
2014-01-12T22:30:00,P7,1294
2014-01-12T23:00:00,P7,1286
2014-01-12T23:30:00,P7,1230
2014-01-13T00:00:00,P7,1201
2014-01-13T00:30:00,P7,1149
2014-01-13T01:00:00,P7,1107
2014-01-13T01:30:00,P7,1062
2014-01-13T02:00:00,P7,1050
2014-01-13T02:30:00,P7,1047
2014-01-13T03:00:00,P7,1001
2014-01-13T03:30:00,P7,1009
2014-01-13T04:00:00,P7,1009
2014-01-13T04:30:00,P7,994
2014-01-13T05:00:00,P7,975
2014-01-13T05:30:00,P7,958
2014-01-13T06:00:00,P7,963
2014-01-13T06:30:00,P7,1056
2014-01-13T07:00:00,P7,1115
2014-01-13T07:30:00,P7,1176
2014-01-13T08:00:00,P7,1194
2014-01-13T08:30:00,P7,1242
2014-01-13T09:00:00,P7,1221
2014-01-13T09:30:00,P7,1186
2014-01-13T10:00:00,P7,1221
2014-01-13T10:30:00,P7,1242
2014-01-13T11:00:00,P7,1279
2014-01-13T11:30:00,P7,1218
2014-01-13T12:00:00,P7,1203
2014-01-13T12:30:00,P7,1184
2014-01-13T13:00:00,P7,1161
2014-01-13T13:30:00,P7,1178
2014-01-13T14:00:00,P7,1189
2014-01-13T14:30:00,P7,1178
2014-01-13T15:00:00,P7,1162
2014-01-13T15:30:00,P7,1138
2014-01-13T16:00:00,P7,1153
2014-01-13T16:30:00,P7,1206
2014-01-13T17:00:00,P7,1206
2014-01-13T17:30:00,P7,1252
2014-01-13T18:00:00,P7,1274
2014-01-13T18:30:00,P7,1316
2014-01-13T19:00:00,P7,1336
2014-01-13T19:30:00,P7,1394
2014-01-13T20:00:00,P7,1370
2014-01-13T20:30:00,P7,1374
2014-01-13T21:00:00,P7,1346
2014-01-13T21:30:00,P7,1355
2014-01-13T22:00:00,P7,1334
2014-01-13T22:30:00,P7,1349
2014-01-13T23:00:00,P7,1341
2014-01-13T23:30:00,P7,1311
2014-01-14T00:00:00,P7,1281
2014-01-14T00:30:00,P7,1210
2014-01-14T01:00:00,P7,1156
2014-01-14T01:30:00,P7,1130
2014-01-14T02:00:00,P7,1102
2014-01-14T02:30:00,P7,1076
2014-01-14T03:00:00,P7,1074
2014-01-14T03:30:00,P7,1057
2014-01-14T04:00:00,P7,1038
2014-01-14T04:30:00,P7,1021
2014-01-14T05:00:00,P7,1014
2014-01-14T05:30:00,P7,1019
2014-01-14T06:00:00,P7,1030
2014-01-14T06:30:00,P7,1063
2014-01-14T07:00:00,P7,1118
2014-01-14T07:30:00,P7,1183
2014-01-14T08:00:00,P7,1220
2014-01-14T08:30:00,P7,1250
2014-01-14T09:00:00,P7,1271
2014-01-14T09:30:00,P7,1288
2014-01-14T10:00:00,P7,1314
2014-01-14T10:30:00,P7,1318
2014-01-14T11:00:00,P7,1294
2014-01-14T11:30:00,P7,1298
2014-01-14T12:00:00,P7,1274
2014-01-14T12:30:00,P7,1248
2014-01-14T13:00:00,P7,1223
2014-01-14T13:30:00,P7,1215
2014-01-14T14:00:00,P7,1226
2014-01-14T14:30:00,P7,1247
2014-01-14T15:00:00,P7,1218
2014-01-14T15:30:00,P7,1196
2014-01-14T16:00:00,P7,1230
2014-01-14T16:30:00,P7,1223
2014-01-14T17:00:00,P7,1218
2014-01-14T17:30:00,P7,1239
2014-01-14T18:00:00,P7,1292
2014-01-14T18:30:00,P7,1309
2014-01-14T19:00:00,P7,1360
2014-01-14T19:30:00,P7,1401
2014-01-14T20:00:00,P7,1417
2014-01-14T20:30:00,P7,1418
2014-01-14T21:00:00,P7,1401
2014-01-14T21:30:00,P7,1402
2014-01-14T22:00:00,P7,1394
2014-01-14T22:30:00,P7,1370
2014-01-14T23:00:00,P7,1365
2014-01-14T23:30:00,P7,1352
2014-01-15T00:00:00,P7,1317
2014-01-15T00:30:00,P7,1265
2014-01-15T01:00:00,P7,1226
2014-01-15T01:30:00,P7,1176
2014-01-15T02:00:00,P7,1146
2014-01-15T02:30:00,P7,1106
2014-01-15T03:00:00,P7,1078
2014-01-15T03:30:00,P7,1063
2014-01-15T04:00:00,P7,1069
2014-01-15T04:30:00,P7,1068
2014-01-15T05:00:00,P7,1062
2014-01-15T05:30:00,P7,1058
2014-01-15T06:00:00,P7,1066
2014-01-15T06:30:00,P7,1141
2014-01-15T07:00:00,P7,1170
2014-01-15T07:30:00,P7,1231
2014-01-15T08:00:00,P7,1270
2014-01-15T08:30:00,P7,1291
2014-01-15T09:00:00,P7,1310
2014-01-15T09:30:00,P7,1318
2014-01-15T10:00:00,P7,1302
2014-01-15T10:30:00,P7,1311
2014-01-15T11:00:00,P7,1338
2014-01-15T11:30:00,P7,1318
2014-01-15T12:00:00,P7,1321
2014-01-15T12:30:00,P7,1297
2014-01-15T13:00:00,P7,1276
2014-01-15T13:30:00,P7,1219
2014-01-15T14:00:00,P7,1234
2014-01-15T14:30:00,P7,1248
2014-01-15T15:00:00,P7,1247
2014-01-15T15:30:00,P7,1241
2014-01-15T16:00:00,P7,1234
2014-01-15T16:30:00,P7,1238
2014-01-15T17:00:00,P7,1263
2014-01-15T17:30:00,P7,1262
2014-01-15T18:00:00,P7,1266
2014-01-15T18:30:00,P7,1308
2014-01-15T19:00:00,P7,1361
2014-01-15T19:30:00,P7,1390
2014-01-15T20:00:00,P7,1385
2014-01-15T20:30:00,P7,1390
2014-01-15T21:00:00,P7,1400
2014-01-15T21:30:00,P7,1395
2014-01-15T22:00:00,P7,1380
2014-01-15T22:30:00,P7,1362
2014-01-15T23:00:00,P7,1342
2014-01-15T23:30:00,P7,1323
2014-01-16T00:00:00,P7,1282
2014-01-16T00:30:00,P7,1248
2014-01-16T01:00:00,P7,1222
2014-01-16T01:30:00,P7,1161
2014-01-16T02:00:00,P7,1142
2014-01-16T02:30:00,P7,1102
2014-01-16T03:00:00,P7,1104
2014-01-16T03:30:00,P7,1087
2014-01-16T04:00:00,P7,1063
2014-01-16T04:30:00,P7,1051
2014-01-16T05:00:00,P7,1043
2014-01-16T05:30:00,P7,1054
2014-01-16T06:00:00,P7,1060
2014-01-16T06:30:00,P7,1088
2014-01-16T07:00:00,P7,1162
2014-01-16T07:30:00,P7,1220
2014-01-16T08:00:00,P7,1309
2014-01-16T08:30:00,P7,1335
2014-01-16T09:00:00,P7,1299
2014-01-16T09:30:00,P7,1283
2014-01-16T10:00:00,P7,1310
2014-01-16T10:30:00,P7,1340
2014-01-16T11:00:00,P7,1287
2014-01-16T11:30:00,P7,1290
2014-01-16T12:00:00,P7,1265
2014-01-16T12:30:00,P7,1280
2014-01-16T13:00:00,P7,1250
2014-01-16T13:30:00,P7,1267
2014-01-16T14:00:00,P7,1248
2014-01-16T14:30:00,P7,1250
2014-01-16T15:00:00,P7,1239
2014-01-16T15:30:00,P7,1244
2014-01-16T16:00:00,P7,1226
2014-01-16T16:30:00,P7,1233
2014-01-16T17:00:00,P7,1232
2014-01-16T17:30:00,P7,1258
2014-01-16T18:00:00,P7,1287
2014-01-16T18:30:00,P7,1325
2014-01-16T19:00:00,P7,1370
2014-01-16T19:30:00,P7,1389
2014-01-16T20:00:00,P7,1400
2014-01-16T20:30:00,P7,1403
2014-01-16T21:00:00,P7,1389
2014-01-16T21:30:00,P7,1370
2014-01-16T22:00:00,P7,1371
2014-01-16T22:30:00,P7,1342
2014-01-16T23:00:00,P7,1337
2014-01-16T23:30:00,P7,1320
2014-01-17T00:00:00,P7,1310
2014-01-17T00:30:00,P7,1225
2014-01-17T01:00:00,P7,1173
2014-01-17T01:30:00,P7,1141
2014-01-17T02:00:00,P7,1109
2014-01-17T02:30:00,P7,1090
2014-01-17T03:00:00,P7,1086
2014-01-17T03:30:00,P7,1086
2014-01-17T04:00:00,P7,1063
2014-01-17T04:30:00,P7,1046
2014-01-17T05:00:00,P7,1028
2014-01-17T05:30:00,P7,1011
2014-01-17T06:00:00,P7,1019
2014-01-17T06:30:00,P7,1104
2014-01-01T00:30:00,P8,526
2014-01-01T01:00:00,P8,525
2014-01-01T01:30:00,P8,534
2014-01-01T02:00:00,P8,510
2014-01-01T02:30:00,P8,505
2014-01-01T03:00:00,P8,515
2014-01-01T03:30:00,P8,498
2014-01-01T04:00:00,P8,489
2014-01-01T04:30:00,P8,479
2014-01-01T05:00:00,P8,465
2014-01-01T05:30:00,P8,472
2014-01-01T06:00:00,P8,455
2014-01-01T06:30:00,P8,460
2014-01-01T07:00:00,P8,460
2014-01-01T07:30:00,P8,449
2014-01-01T08:00:00,P8,448
2014-01-01T08:30:00,P8,448
2014-01-01T09:00:00,P8,433
2014-01-01T09:30:00,P8,459
2014-01-01T10:00:00,P8,472
2014-01-01T10:30:00,P8,473
2014-01-01T11:00:00,P8,459
2014-01-01T11:30:00,P8,484
2014-01-01T12:00:00,P8,489
2014-01-01T12:30:00,P8,502
2014-01-01T13:00:00,P8,500
2014-01-01T13:30:00,P8,503
2014-01-01T14:00:00,P8,516
2014-01-01T14:30:00,P8,526
2014-01-01T15:00:00,P8,510
2014-01-01T15:30:00,P8,515
2014-01-01T16:00:00,P8,545
2014-01-01T16:30:00,P8,544
2014-01-01T17:00:00,P8,550
2014-01-01T17:30:00,P8,583
2014-01-01T18:00:00,P8,588
2014-01-01T18:30:00,P8,593
2014-01-01T19:00:00,P8,575
2014-01-01T19:30:00,P8,576
2014-01-01T20:00:00,P8,604
2014-01-01T20:30:00,P8,572
2014-01-01T21:00:00,P8,567
2014-01-01T21:30:00,P8,578
2014-01-01T22:00:00,P8,540
2014-01-01T22:30:00,P8,576
2014-01-01T23:00:00,P8,544
2014-01-01T23:30:00,P8,528
2014-01-02T00:00:00,P8,529
2014-01-02T00:30:00,P8,530
2014-01-02T01:00:00,P8,512
2014-01-02T01:30:00,P8,523
2014-01-02T02:00:00,P8,507
2014-01-02T02:30:00,P8,487
2014-01-02T03:00:00,P8,468
2014-01-02T03:30:00,P8,469
2014-01-02T04:00:00,P8,453
2014-01-02T04:30:00,P8,462
2014-01-02T05:00:00,P8,490
2014-01-02T05:30:00,P8,470
2014-01-02T06:00:00,P8,467
2014-01-02T06:30:00,P8,446
2014-01-02T07:00:00,P8,447
2014-01-02T07:30:00,P8,447
2014-01-02T08:00:00,P8,462
2014-01-02T08:30:00,P8,458
2014-01-02T09:00:00,P8,469
2014-01-02T09:30:00,P8,480
2014-01-02T10:00:00,P8,497
2014-01-02T10:30:00,P8,514
2014-01-02T11:00:00,P8,516
2014-01-02T11:30:00,P8,539
2014-01-02T12:00:00,P8,508
2014-01-02T12:30:00,P8,528
2014-01-02T13:00:00,P8,530
2014-01-02T13:30:00,P8,556
2014-01-02T14:00:00,P8,565
2014-01-02T14:30:00,P8,555
2014-01-02T15:00:00,P8,551
2014-01-02T15:30:00,P8,557
2014-01-02T16:00:00,P8,560
2014-01-02T16:30:00,P8,557
2014-01-02T17:00:00,P8,571
2014-01-02T17:30:00,P8,588
2014-01-02T18:00:00,P8,600
2014-01-02T18:30:00,P8,610
2014-01-02T19:00:00,P8,597
2014-01-02T19:30:00,P8,611
2014-01-02T20:00:00,P8,586
2014-01-02T20:30:00,P8,591
2014-01-02T21:00:00,P8,595
2014-01-02T21:30:00,P8,576
2014-01-02T22:00:00,P8,577
2014-01-02T22:30:00,P8,564
2014-01-02T23:00:00,P8,554
2014-01-02T23:30:00,P8,571
2014-01-03T00:00:00,P8,575
2014-01-03T00:30:00,P8,553
2014-01-03T01:00:00,P8,528
2014-01-03T01:30:00,P8,529
2014-01-03T02:00:00,P8,512
2014-01-03T02:30:00,P8,509
2014-01-03T03:00:00,P8,498
2014-01-03T03:30:00,P8,494
2014-01-03T04:00:00,P8,496
2014-01-03T04:30:00,P8,479
2014-01-03T05:00:00,P8,492
2014-01-03T05:30:00,P8,502
2014-01-03T06:00:00,P8,509
2014-01-03T06:30:00,P8,480
2014-01-03T07:00:00,P8,462
2014-01-03T07:30:00,P8,465
2014-01-03T08:00:00,P8,468
2014-01-03T08:30:00,P8,469
2014-01-03T09:00:00,P8,484
2014-01-03T09:30:00,P8,496
2014-01-03T10:00:00,P8,520
2014-01-03T10:30:00,P8,537
2014-01-03T11:00:00,P8,547
2014-01-03T11:30:00,P8,549
2014-01-03T12:00:00,P8,555
2014-01-03T12:30:00,P8,545
2014-01-03T13:00:00,P8,556
2014-01-03T13:30:00,P8,572
2014-01-03T14:00:00,P8,574
2014-01-03T14:30:00,P8,564
2014-01-03T15:00:00,P8,556
2014-01-03T15:30:00,P8,541
2014-01-03T16:00:00,P8,549
2014-01-03T16:30:00,P8,544
2014-01-03T17:00:00,P8,549
2014-01-03T17:30:00,P8,564
2014-01-03T18:00:00,P8,590
2014-01-03T18:30:00,P8,603
2014-01-03T19:00:00,P8,588
2014-01-03T19:30:00,P8,586
2014-01-03T20:00:00,P8,598
2014-01-03T20:30:00,P8,579
2014-01-03T21:00:00,P8,576
2014-01-03T21:30:00,P8,570
2014-01-03T22:00:00,P8,586
2014-01-03T22:30:00,P8,568
2014-01-03T23:00:00,P8,544
2014-01-03T23:30:00,P8,561
2014-01-04T00:00:00,P8,566
2014-01-04T00:30:00,P8,535
2014-01-04T01:00:00,P8,510
2014-01-04T01:30:00,P8,510
2014-01-04T02:00:00,P8,511
2014-01-04T02:30:00,P8,520
2014-01-04T03:00:00,P8,494
2014-01-04T03:30:00,P8,501
2014-01-04T04:00:00,P8,495
2014-01-04T04:30:00,P8,495
2014-01-04T05:00:00,P8,471
2014-01-04T05:30:00,P8,458
2014-01-04T06:00:00,P8,480
2014-01-04T06:30:00,P8,475
2014-01-04T07:00:00,P8,468
2014-01-04T07:30:00,P8,464
2014-01-04T08:00:00,P8,472
2014-01-04T08:30:00,P8,470
2014-01-04T09:00:00,P8,465
2014-01-04T09:30:00,P8,472
2014-01-04T10:00:00,P8,485
2014-01-04T10:30:00,P8,526
2014-01-04T11:00:00,P8,537
2014-01-04T11:30:00,P8,533
2014-01-04T12:00:00,P8,527
2014-01-04T12:30:00,P8,554
2014-01-04T13:00:00,P8,544
2014-01-04T13:30:00,P8,523
2014-01-04T14:00:00,P8,538
2014-01-04T14:30:00,P8,544
2014-01-04T15:00:00,P8,536
2014-01-04T15:30:00,P8,522
2014-01-04T16:00:00,P8,511
2014-01-04T16:30:00,P8,515
2014-01-04T17:00:00,P8,548
2014-01-04T17:30:00,P8,527
2014-01-04T18:00:00,P8,552
2014-01-04T18:30:00,P8,596
2014-01-04T19:00:00,P8,600
2014-01-04T19:30:00,P8,587
2014-01-04T20:00:00,P8,587
2014-01-04T20:30:00,P8,589
2014-01-04T21:00:00,P8,574
2014-01-04T21:30:00,P8,598
2014-01-04T22:00:00,P8,588
2014-01-04T22:30:00,P8,546
2014-01-04T23:00:00,P8,542
2014-01-04T23:30:00,P8,546
2014-01-05T00:00:00,P8,511
2014-01-05T00:30:00,P8,514
2014-01-05T01:00:00,P8,494
2014-01-05T01:30:00,P8,487
2014-01-05T02:00:00,P8,482
2014-01-05T02:30:00,P8,487
2014-01-05T03:00:00,P8,469
2014-01-05T03:30:00,P8,463
2014-01-05T04:00:00,P8,449
2014-01-05T04:30:00,P8,463
2014-01-05T05:00:00,P8,463
2014-01-05T05:30:00,P8,454
2014-01-05T06:00:00,P8,440
2014-01-05T06:30:00,P8,452
2014-01-05T07:00:00,P8,450
2014-01-05T07:30:00,P8,436
2014-01-05T08:00:00,P8,437
2014-01-05T08:30:00,P8,432
2014-01-05T09:00:00,P8,447
2014-01-05T09:30:00,P8,466
2014-01-05T10:00:00,P8,470
2014-01-05T10:30:00,P8,468
2014-01-05T11:00:00,P8,474
2014-01-05T11:30:00,P8,472
2014-01-05T12:00:00,P8,464
2014-01-05T12:30:00,P8,479
2014-01-05T13:00:00,P8,492
2014-01-05T13:30:00,P8,492
2014-01-05T14:00:00,P8,486
2014-01-05T14:30:00,P8,486
2014-01-05T15:00:00,P8,487
2014-01-05T15:30:00,P8,477
2014-01-05T16:00:00,P8,482
2014-01-05T16:30:00,P8,456
2014-01-05T17:00:00,P8,446
2014-01-05T17:30:00,P8,472
2014-01-05T18:00:00,P8,486
2014-01-05T18:30:00,P8,526
2014-01-05T19:00:00,P8,534
2014-01-05T19:30:00,P8,514
2014-01-05T20:00:00,P8,507
2014-01-05T20:30:00,P8,507
2014-01-05T21:00:00,P8,494
2014-01-05T21:30:00,P8,491
2014-01-05T22:00:00,P8,486
2014-01-05T22:30:00,P8,470
2014-01-05T23:00:00,P8,472
2014-01-05T23:30:00,P8,469
2014-01-06T00:00:00,P8,470
2014-01-06T00:30:00,P8,486
2014-01-06T01:00:00,P8,456
2014-01-06T01:30:00,P8,445
2014-01-06T02:00:00,P8,442
2014-01-06T02:30:00,P8,444
2014-01-06T03:00:00,P8,440
2014-01-06T03:30:00,P8,428
2014-01-06T04:00:00,P8,431
2014-01-06T04:30:00,P8,415
2014-01-06T05:00:00,P8,412
2014-01-06T05:30:00,P8,432
2014-01-06T06:00:00,P8,420
2014-01-06T06:30:00,P8,395
2014-01-06T07:00:00,P8,408
2014-01-06T07:30:00,P8,416
2014-01-06T08:00:00,P8,411
2014-01-06T08:30:00,P8,404
2014-01-06T09:00:00,P8,426
2014-01-06T09:30:00,P8,420
2014-01-06T10:00:00,P8,410
2014-01-06T10:30:00,P8,454
2014-01-06T11:00:00,P8,448
2014-01-06T11:30:00,P8,458
2014-01-06T12:00:00,P8,484
2014-01-06T12:30:00,P8,480
2014-01-06T13:00:00,P8,472
2014-01-06T13:30:00,P8,468
2014-01-06T14:00:00,P8,469
2014-01-06T14:30:00,P8,466
2014-01-06T15:00:00,P8,468
2014-01-06T15:30:00,P8,468
2014-01-06T16:00:00,P8,460
2014-01-06T16:30:00,P8,471
2014-01-06T17:00:00,P8,497
2014-01-06T17:30:00,P8,502
2014-01-06T18:00:00,P8,526
2014-01-06T18:30:00,P8,547
2014-01-06T19:00:00,P8,552
2014-01-06T19:30:00,P8,542
2014-01-06T20:00:00,P8,526
2014-01-06T20:30:00,P8,530
2014-01-06T21:00:00,P8,529
2014-01-06T21:30:00,P8,526
2014-01-06T22:00:00,P8,540
2014-01-06T22:30:00,P8,541
2014-01-06T23:00:00,P8,528
2014-01-06T23:30:00,P8,510
2014-01-07T00:00:00,P8,508
2014-01-07T00:30:00,P8,491
2014-01-07T01:00:00,P8,510
2014-01-07T01:30:00,P8,507
2014-01-07T02:00:00,P8,484
2014-01-07T02:30:00,P8,492
2014-01-07T03:00:00,P8,489
2014-01-07T03:30:00,P8,478
2014-01-07T04:00:00,P8,474
2014-01-07T04:30:00,P8,480
2014-01-07T05:00:00,P8,476
2014-01-07T05:30:00,P8,482
2014-01-07T06:00:00,P8,469
2014-01-07T06:30:00,P8,460
2014-01-07T07:00:00,P8,453
2014-01-07T07:30:00,P8,462
2014-01-07T08:00:00,P8,465
2014-01-07T08:30:00,P8,445
2014-01-07T09:00:00,P8,446
2014-01-07T09:30:00,P8,458
2014-01-07T10:00:00,P8,474
2014-01-07T10:30:00,P8,471
2014-01-07T11:00:00,P8,470
2014-01-07T11:30:00,P8,490
2014-01-07T12:00:00,P8,494
2014-01-07T12:30:00,P8,501
2014-01-07T13:00:00,P8,494
2014-01-07T13:30:00,P8,488
2014-01-07T14:00:00,P8,496
2014-01-07T14:30:00,P8,507
2014-01-07T15:00:00,P8,503
2014-01-07T15:30:00,P8,490
2014-01-07T16:00:00,P8,475
2014-01-07T16:30:00,P8,474
2014-01-07T17:00:00,P8,475
2014-01-07T17:30:00,P8,503
2014-01-07T18:00:00,P8,526
2014-01-07T18:30:00,P8,526
2014-01-07T19:00:00,P8,529
2014-01-07T19:30:00,P8,522
2014-01-07T20:00:00,P8,511
2014-01-07T20:30:00,P8,486
2014-01-07T21:00:00,P8,517
2014-01-07T21:30:00,P8,493
2014-01-07T22:00:00,P8,490
2014-01-07T22:30:00,P8,522
2014-01-07T23:00:00,P8,496
2014-01-07T23:30:00,P8,494
2014-01-08T00:00:00,P8,492
2014-01-08T00:30:00,P8,481
2014-01-08T01:00:00,P8,464
2014-01-08T01:30:00,P8,464
2014-01-08T02:00:00,P8,442
2014-01-08T02:30:00,P8,443
2014-01-08T03:00:00,P8,449
2014-01-08T03:30:00,P8,435
2014-01-08T04:00:00,P8,446
2014-01-08T04:30:00,P8,448
2014-01-08T05:00:00,P8,438
2014-01-08T05:30:00,P8,460
2014-01-08T06:00:00,P8,444
2014-01-08T06:30:00,P8,429
2014-01-08T07:00:00,P8,442
2014-01-08T07:30:00,P8,451
2014-01-08T08:00:00,P8,433
2014-01-08T08:30:00,P8,442
2014-01-08T09:00:00,P8,456
2014-01-08T09:30:00,P8,438
2014-01-08T10:00:00,P8,432
2014-01-08T10:30:00,P8,476
2014-01-08T11:00:00,P8,467
2014-01-08T11:30:00,P8,479
2014-01-08T12:00:00,P8,474
2014-01-08T12:30:00,P8,483
2014-01-08T13:00:00,P8,483
2014-01-08T13:30:00,P8,484
2014-01-08T14:00:00,P8,454
2014-01-08T14:30:00,P8,455
2014-01-08T15:00:00,P8,460
2014-01-08T15:30:00,P8,449
2014-01-08T16:00:00,P8,439
2014-01-08T16:30:00,P8,444
2014-01-08T17:00:00,P8,471
2014-01-08T17:30:00,P8,458
2014-01-08T18:00:00,P8,497
2014-01-08T18:30:00,P8,498
2014-01-08T19:00:00,P8,494
2014-01-08T19:30:00,P8,468
2014-01-08T20:00:00,P8,473
2014-01-08T20:30:00,P8,491
2014-01-08T21:00:00,P8,484
2014-01-08T21:30:00,P8,450
2014-01-08T22:00:00,P8,434
2014-01-08T22:30:00,P8,436
2014-01-08T23:00:00,P8,424
2014-01-08T23:30:00,P8,446
2014-01-09T00:00:00,P8,448
2014-01-09T00:30:00,P8,437
2014-01-09T01:00:00,P8,440
2014-01-09T01:30:00,P8,442
2014-01-09T02:00:00,P8,425
2014-01-09T02:30:00,P8,425
2014-01-09T03:00:00,P8,412
2014-01-09T03:30:00,P8,412
2014-01-09T04:00:00,P8,404
2014-01-09T04:30:00,P8,411
2014-01-09T05:00:00,P8,418
2014-01-09T05:30:00,P8,417
2014-01-09T06:00:00,P8,406
2014-01-09T06:30:00,P8,409
2014-01-09T07:00:00,P8,394
2014-01-09T07:30:00,P8,400
2014-01-09T08:00:00,P8,405
2014-01-09T08:30:00,P8,420
2014-01-09T09:00:00,P8,429
2014-01-09T09:30:00,P8,405
2014-01-09T10:00:00,P8,417
2014-01-09T10:30:00,P8,426
2014-01-09T11:00:00,P8,431
2014-01-09T11:30:00,P8,440
2014-01-09T12:00:00,P8,420
2014-01-09T12:30:00,P8,421
2014-01-09T13:00:00,P8,405
2014-01-09T13:30:00,P8,407
2014-01-09T14:00:00,P8,398
2014-01-09T14:30:00,P8,400
2014-01-09T15:00:00,P8,420
2014-01-09T15:30:00,P8,434
2014-01-09T16:00:00,P8,409
2014-01-09T16:30:00,P8,430
2014-01-09T17:00:00,P8,434
2014-01-09T17:30:00,P8,445
2014-01-09T18:00:00,P8,448
2014-01-09T18:30:00,P8,448
2014-01-09T19:00:00,P8,464
2014-01-09T19:30:00,P8,458
2014-01-09T20:00:00,P8,437
2014-01-09T20:30:00,P8,441
2014-01-09T21:00:00,P8,443
2014-01-09T21:30:00,P8,437
2014-01-09T22:00:00,P8,419
2014-01-09T22:30:00,P8,425
2014-01-09T23:00:00,P8,410
2014-01-09T23:30:00,P8,429
2014-01-10T00:00:00,P8,420
2014-01-10T00:30:00,P8,412
2014-01-10T01:00:00,P8,417
2014-01-10T01:30:00,P8,396
2014-01-10T02:00:00,P8,397
2014-01-10T02:30:00,P8,401
2014-01-10T03:00:00,P8,393
2014-01-10T03:30:00,P8,400
2014-01-10T04:00:00,P8,395
2014-01-10T04:30:00,P8,405
2014-01-10T05:00:00,P8,404
2014-01-10T05:30:00,P8,414
2014-01-10T06:00:00,P8,411
2014-01-10T06:30:00,P8,406
2014-01-10T07:00:00,P8,407
2014-01-10T07:30:00,P8,403
2014-01-10T08:00:00,P8,401
2014-01-10T08:30:00,P8,404
2014-01-10T09:00:00,P8,400
2014-01-10T09:30:00,P8,394
2014-01-10T10:00:00,P8,402
2014-01-10T10:30:00,P8,427
2014-01-10T11:00:00,P8,418
2014-01-10T11:30:00,P8,411
2014-01-10T12:00:00,P8,410
2014-01-10T12:30:00,P8,405
2014-01-10T13:00:00,P8,392
2014-01-10T13:30:00,P8,402
2014-01-10T14:00:00,P8,419
2014-01-10T14:30:00,P8,438
2014-01-10T15:00:00,P8,428
2014-01-10T15:30:00,P8,426
2014-01-10T16:00:00,P8,443
2014-01-10T16:30:00,P8,441
2014-01-10T17:00:00,P8,447
2014-01-10T17:30:00,P8,444
2014-01-10T18:00:00,P8,465
2014-01-10T18:30:00,P8,483
2014-01-10T19:00:00,P8,495
2014-01-10T19:30:00,P8,533
2014-01-10T20:00:00,P8,551
2014-01-10T20:30:00,P8,515
2014-01-10T21:00:00,P8,496
2014-01-10T21:30:00,P8,486
2014-01-10T22:00:00,P8,493
2014-01-10T22:30:00,P8,482
2014-01-10T23:00:00,P8,493
2014-01-10T23:30:00,P8,468
2014-01-11T00:00:00,P8,499
2014-01-11T00:30:00,P8,485
2014-01-11T01:00:00,P8,493
2014-01-11T01:30:00,P8,490
2014-01-11T02:00:00,P8,464
2014-01-11T02:30:00,P8,454
2014-01-11T03:00:00,P8,440
2014-01-11T03:30:00,P8,454
2014-01-11T04:00:00,P8,445
2014-01-11T04:30:00,P8,463
2014-01-11T05:00:00,P8,454
2014-01-11T05:30:00,P8,456
2014-01-11T06:00:00,P8,476
2014-01-11T06:30:00,P8,464
2014-01-11T07:00:00,P8,462
2014-01-11T07:30:00,P8,468
2014-01-11T08:00:00,P8,470
2014-01-11T08:30:00,P8,441
2014-01-11T09:00:00,P8,441
2014-01-11T09:30:00,P8,446
2014-01-11T10:00:00,P8,442
2014-01-11T10:30:00,P8,473
2014-01-11T11:00:00,P8,497
2014-01-11T11:30:00,P8,494
2014-01-11T12:00:00,P8,508
2014-01-11T12:30:00,P8,502
2014-01-11T13:00:00,P8,494
2014-01-11T13:30:00,P8,502
2014-01-11T14:00:00,P8,509
2014-01-11T14:30:00,P8,522
2014-01-11T15:00:00,P8,528
2014-01-11T15:30:00,P8,533
2014-01-11T16:00:00,P8,520
2014-01-11T16:30:00,P8,515
2014-01-11T17:00:00,P8,543
2014-01-11T17:30:00,P8,550
2014-01-11T18:00:00,P8,574
2014-01-11T18:30:00,P8,574
2014-01-11T19:00:00,P8,572
2014-01-11T19:30:00,P8,574
2014-01-11T20:00:00,P8,575
2014-01-11T20:30:00,P8,572
2014-01-11T21:00:00,P8,557
2014-01-11T21:30:00,P8,548
2014-01-11T22:00:00,P8,582
2014-01-11T22:30:00,P8,541
2014-01-11T23:00:00,P8,540
2014-01-11T23:30:00,P8,532
2014-01-12T00:00:00,P8,539
2014-01-12T00:30:00,P8,529
2014-01-12T01:00:00,P8,522
2014-01-12T01:30:00,P8,522
2014-01-12T02:00:00,P8,509
2014-01-12T02:30:00,P8,498
2014-01-12T03:00:00,P8,493
2014-01-12T03:30:00,P8,510
2014-01-12T04:00:00,P8,513
2014-01-12T04:30:00,P8,514
2014-01-12T05:00:00,P8,497
2014-01-12T05:30:00,P8,511
2014-01-12T06:00:00,P8,521
2014-01-12T06:30:00,P8,517
2014-01-12T07:00:00,P8,524
2014-01-12T07:30:00,P8,505
2014-01-12T08:00:00,P8,492
2014-01-12T08:30:00,P8,529
2014-01-12T09:00:00,P8,526
2014-01-12T09:30:00,P8,521
2014-01-12T10:00:00,P8,521
2014-01-12T10:30:00,P8,544
2014-01-12T11:00:00,P8,547
2014-01-12T11:30:00,P8,543
2014-01-12T12:00:00,P8,533
2014-01-12T12:30:00,P8,517
2014-01-12T13:00:00,P8,510
2014-01-12T13:30:00,P8,535
2014-01-12T14:00:00,P8,522
2014-01-12T14:30:00,P8,494
2014-01-12T15:00:00,P8,492
2014-01-12T15:30:00,P8,494
2014-01-12T16:00:00,P8,504
2014-01-12T16:30:00,P8,485
2014-01-12T17:00:00,P8,492
2014-01-12T17:30:00,P8,507
2014-01-12T18:00:00,P8,507
2014-01-12T18:30:00,P8,532
2014-01-12T19:00:00,P8,552
2014-01-12T19:30:00,P8,536
2014-01-12T20:00:00,P8,515
2014-01-12T20:30:00,P8,520
2014-01-12T21:00:00,P8,498
2014-01-12T21:30:00,P8,504
2014-01-12T22:00:00,P8,514
2014-01-12T22:30:00,P8,505
2014-01-12T23:00:00,P8,502
2014-01-12T23:30:00,P8,507
2014-01-13T00:00:00,P8,503
2014-01-13T00:30:00,P8,515
2014-01-13T01:00:00,P8,531
2014-01-13T01:30:00,P8,530
2014-01-13T02:00:00,P8,518
2014-01-13T02:30:00,P8,519
2014-01-13T03:00:00,P8,509
2014-01-13T03:30:00,P8,520
2014-01-13T04:00:00,P8,516
2014-01-13T04:30:00,P8,503
2014-01-13T05:00:00,P8,510
2014-01-13T05:30:00,P8,502
2014-01-13T06:00:00,P8,515
2014-01-13T06:30:00,P8,510
2014-01-13T07:00:00,P8,510
2014-01-13T07:30:00,P8,511
2014-01-13T08:00:00,P8,501
2014-01-13T08:30:00,P8,505
2014-01-13T09:00:00,P8,507
2014-01-13T09:30:00,P8,498
2014-01-13T10:00:00,P8,501
2014-01-13T10:30:00,P8,496
2014-01-13T11:00:00,P8,507
2014-01-13T11:30:00,P8,500
2014-01-13T12:00:00,P8,495
2014-01-13T12:30:00,P8,497
2014-01-13T13:00:00,P8,484
2014-01-13T13:30:00,P8,496
2014-01-13T14:00:00,P8,497
2014-01-13T14:30:00,P8,510
2014-01-13T15:00:00,P8,501
2014-01-13T15:30:00,P8,496
2014-01-13T16:00:00,P8,506
2014-01-13T16:30:00,P8,506
2014-01-13T17:00:00,P8,524
2014-01-13T17:30:00,P8,514
2014-01-13T18:00:00,P8,543
2014-01-13T18:30:00,P8,545
2014-01-13T19:00:00,P8,536
2014-01-13T19:30:00,P8,536
2014-01-13T20:00:00,P8,556
2014-01-13T20:30:00,P8,560
2014-01-13T21:00:00,P8,560
2014-01-13T21:30:00,P8,537
2014-01-13T22:00:00,P8,527
2014-01-13T22:30:00,P8,537
2014-01-13T23:00:00,P8,533
2014-01-13T23:30:00,P8,541
2014-01-14T00:00:00,P8,541
2014-01-14T00:30:00,P8,553
2014-01-14T01:00:00,P8,550
2014-01-14T01:30:00,P8,539
2014-01-14T02:00:00,P8,546
2014-01-14T02:30:00,P8,553
2014-01-14T03:00:00,P8,530
2014-01-14T03:30:00,P8,534
2014-01-14T04:00:00,P8,544
2014-01-14T04:30:00,P8,538
2014-01-14T05:00:00,P8,532
2014-01-14T05:30:00,P8,538
2014-01-14T06:00:00,P8,544
2014-01-14T06:30:00,P8,532
2014-01-14T07:00:00,P8,535
2014-01-14T07:30:00,P8,549
2014-01-14T08:00:00,P8,543
2014-01-14T08:30:00,P8,558
2014-01-14T09:00:00,P8,540
2014-01-14T09:30:00,P8,537
2014-01-14T10:00:00,P8,549
2014-01-14T10:30:00,P8,550
2014-01-14T11:00:00,P8,527
2014-01-14T11:30:00,P8,530
2014-01-14T12:00:00,P8,505
2014-01-14T12:30:00,P8,533
2014-01-14T13:00:00,P8,529
2014-01-14T13:30:00,P8,536
2014-01-14T14:00:00,P8,531
2014-01-14T14:30:00,P8,530
2014-01-14T15:00:00,P8,526
2014-01-14T15:30:00,P8,516
2014-01-14T16:00:00,P8,522
2014-01-14T16:30:00,P8,527
2014-01-14T17:00:00,P8,547
2014-01-14T17:30:00,P8,548
2014-01-14T18:00:00,P8,574
2014-01-14T18:30:00,P8,575
2014-01-14T19:00:00,P8,569
2014-01-14T19:30:00,P8,579
2014-01-14T20:00:00,P8,596
2014-01-14T20:30:00,P8,598
2014-01-14T21:00:00,P8,610
2014-01-14T21:30:00,P8,582
2014-01-14T22:00:00,P8,580
2014-01-14T22:30:00,P8,578
2014-01-14T23:00:00,P8,562
2014-01-14T23:30:00,P8,564
2014-01-15T00:00:00,P8,586
2014-01-15T00:30:00,P8,584
2014-01-15T01:00:00,P8,590
2014-01-15T01:30:00,P8,591
2014-01-15T02:00:00,P8,572
2014-01-15T02:30:00,P8,591
2014-01-15T03:00:00,P8,590
2014-01-15T03:30:00,P8,580
2014-01-15T04:00:00,P8,579
2014-01-15T04:30:00,P8,584
2014-01-15T05:00:00,P8,579
2014-01-15T05:30:00,P8,578
2014-01-15T06:00:00,P8,590
2014-01-15T06:30:00,P8,585
2014-01-15T07:00:00,P8,575
2014-01-15T07:30:00,P8,582
2014-01-15T08:00:00,P8,573
2014-01-15T08:30:00,P8,570
2014-01-15T09:00:00,P8,578
2014-01-15T09:30:00,P8,578
2014-01-15T10:00:00,P8,576
2014-01-15T10:30:00,P8,593
2014-01-15T11:00:00,P8,597
2014-01-15T11:30:00,P8,578
2014-01-15T12:00:00,P8,583
2014-01-15T12:30:00,P8,582
2014-01-15T13:00:00,P8,567
2014-01-15T13:30:00,P8,568
2014-01-15T14:00:00,P8,562
2014-01-15T14:30:00,P8,552
2014-01-15T15:00:00,P8,541
2014-01-15T15:30:00,P8,546
2014-01-15T16:00:00,P8,545
2014-01-15T16:30:00,P8,556
2014-01-15T17:00:00,P8,550
2014-01-15T17:30:00,P8,586
2014-01-15T18:00:00,P8,603
2014-01-15T18:30:00,P8,585
2014-01-15T19:00:00,P8,587
2014-01-15T19:30:00,P8,595
2014-01-15T20:00:00,P8,619
2014-01-15T20:30:00,P8,620
2014-01-15T21:00:00,P8,608
2014-01-15T21:30:00,P8,596
2014-01-15T22:00:00,P8,598
2014-01-15T22:30:00,P8,577
2014-01-15T23:00:00,P8,574
2014-01-15T23:30:00,P8,576
2014-01-16T00:00:00,P8,559
2014-01-16T00:30:00,P8,570
2014-01-16T01:00:00,P8,582
2014-01-16T01:30:00,P8,576
2014-01-16T02:00:00,P8,580
2014-01-16T02:30:00,P8,569
2014-01-16T03:00:00,P8,576
2014-01-16T03:30:00,P8,564
2014-01-16T04:00:00,P8,566
2014-01-16T04:30:00,P8,573
2014-01-16T05:00:00,P8,565
2014-01-16T05:30:00,P8,579
2014-01-16T06:00:00,P8,578
2014-01-16T06:30:00,P8,568
2014-01-16T07:00:00,P8,574
2014-01-16T07:30:00,P8,589
2014-01-16T08:00:00,P8,568
2014-01-16T08:30:00,P8,561
2014-01-16T09:00:00,P8,568
2014-01-16T09:30:00,P8,578
2014-01-16T10:00:00,P8,574
2014-01-16T10:30:00,P8,595
2014-01-16T11:00:00,P8,596
2014-01-16T11:30:00,P8,593
2014-01-16T12:00:00,P8,594
2014-01-16T12:30:00,P8,587
2014-01-16T13:00:00,P8,586
2014-01-16T13:30:00,P8,561
2014-01-16T14:00:00,P8,556
2014-01-16T14:30:00,P8,548
2014-01-16T15:00:00,P8,564
2014-01-16T15:30:00,P8,570
2014-01-16T16:00:00,P8,562
2014-01-16T16:30:00,P8,570
2014-01-16T17:00:00,P8,572
2014-01-16T17:30:00,P8,606
2014-01-16T18:00:00,P8,598
2014-01-16T18:30:00,P8,604
2014-01-16T19:00:00,P8,618
2014-01-16T19:30:00,P8,627
2014-01-16T20:00:00,P8,624
2014-01-16T20:30:00,P8,632
2014-01-16T21:00:00,P8,634
2014-01-16T21:30:00,P8,615
2014-01-16T22:00:00,P8,600
2014-01-16T22:30:00,P8,616
2014-01-16T23:00:00,P8,585
2014-01-16T23:30:00,P8,589
2014-01-17T00:00:00,P8,590
2014-01-17T00:30:00,P8,586
2014-01-17T01:00:00,P8,585
2014-01-17T01:30:00,P8,594
2014-01-17T02:00:00,P8,588
2014-01-17T02:30:00,P8,592
2014-01-17T03:00:00,P8,578
2014-01-17T03:30:00,P8,559
2014-01-17T04:00:00,P8,566
2014-01-17T04:30:00,P8,572
2014-01-17T05:00:00,P8,574
2014-01-17T05:30:00,P8,579
2014-01-17T06:00:00,P8,569
2014-01-17T06:30:00,P8,568
2014-01-01T00:30:00,P9,2858
2014-01-01T01:00:00,P9,2789
2014-01-01T01:30:00,P9,2804
2014-01-01T02:00:00,P9,2744
2014-01-01T02:30:00,P9,2692
2014-01-01T03:00:00,P9,2663
2014-01-01T03:30:00,P9,2573
2014-01-01T04:00:00,P9,2538
2014-01-01T04:30:00,P9,2479
2014-01-01T05:00:00,P9,2387
2014-01-01T05:30:00,P9,2336
2014-01-01T06:00:00,P9,2308
2014-01-01T06:30:00,P9,2274
2014-01-01T07:00:00,P9,2303
2014-01-01T07:30:00,P9,2268
2014-01-01T08:00:00,P9,2280
2014-01-01T08:30:00,P9,2287
2014-01-01T09:00:00,P9,2291
2014-01-01T09:30:00,P9,2311
2014-01-01T10:00:00,P9,2387
2014-01-01T10:30:00,P9,2442
2014-01-01T11:00:00,P9,2524
2014-01-01T11:30:00,P9,2604
2014-01-01T12:00:00,P9,2699
2014-01-01T12:30:00,P9,2742
2014-01-01T13:00:00,P9,2792
2014-01-01T13:30:00,P9,2837
2014-01-01T14:00:00,P9,2840
2014-01-01T14:30:00,P9,2864
2014-01-01T15:00:00,P9,2875
2014-01-01T15:30:00,P9,2819
2014-01-01T16:00:00,P9,2836
2014-01-01T16:30:00,P9,2800
2014-01-01T17:00:00,P9,2852
2014-01-01T17:30:00,P9,2947
2014-01-01T18:00:00,P9,2977
2014-01-01T18:30:00,P9,2963
2014-01-01T19:00:00,P9,2971
2014-01-01T19:30:00,P9,2986
2014-01-01T20:00:00,P9,3019
2014-01-01T20:30:00,P9,3072
2014-01-01T21:00:00,P9,3017
2014-01-01T21:30:00,P9,3042
2014-01-01T22:00:00,P9,2989
2014-01-01T22:30:00,P9,2932
2014-01-01T23:00:00,P9,2902
2014-01-01T23:30:00,P9,2880
2014-01-02T00:00:00,P9,2837
2014-01-02T00:30:00,P9,2736
2014-01-02T01:00:00,P9,2674
2014-01-02T01:30:00,P9,2615
2014-01-02T02:00:00,P9,2558
2014-01-02T02:30:00,P9,2485
2014-01-02T03:00:00,P9,2520
2014-01-02T03:30:00,P9,2410
2014-01-02T04:00:00,P9,2321
2014-01-02T04:30:00,P9,2268
2014-01-02T05:00:00,P9,2264
2014-01-02T05:30:00,P9,2240
2014-01-02T06:00:00,P9,2284
2014-01-02T06:30:00,P9,2258
2014-01-02T07:00:00,P9,2260
2014-01-02T07:30:00,P9,2286
2014-01-02T08:00:00,P9,2312
2014-01-02T08:30:00,P9,2407
2014-01-02T09:00:00,P9,2519
2014-01-02T09:30:00,P9,2569
2014-01-02T10:00:00,P9,2682
2014-01-02T10:30:00,P9,2790
2014-01-02T11:00:00,P9,2884
2014-01-02T11:30:00,P9,2975
2014-01-02T12:00:00,P9,3006
2014-01-02T12:30:00,P9,3095
2014-01-02T13:00:00,P9,3149
2014-01-02T13:30:00,P9,3199
2014-01-02T14:00:00,P9,3175
2014-01-02T14:30:00,P9,3186
2014-01-02T15:00:00,P9,3178
2014-01-02T15:30:00,P9,3167
2014-01-02T16:00:00,P9,3184
2014-01-02T16:30:00,P9,3199
2014-01-02T17:00:00,P9,3198
2014-01-02T17:30:00,P9,3247
2014-01-02T18:00:00,P9,3293
2014-01-02T18:30:00,P9,3233
2014-01-02T19:00:00,P9,3240
2014-01-02T19:30:00,P9,3192
2014-01-02T20:00:00,P9,3193
2014-01-02T20:30:00,P9,3208
2014-01-02T21:00:00,P9,3214
2014-01-02T21:30:00,P9,3217
2014-01-02T22:00:00,P9,3179
2014-01-02T22:30:00,P9,3127
2014-01-02T23:00:00,P9,3124
2014-01-02T23:30:00,P9,3046
2014-01-03T00:00:00,P9,3002
2014-01-03T00:30:00,P9,2887
2014-01-03T01:00:00,P9,2822
2014-01-03T01:30:00,P9,2759
2014-01-03T02:00:00,P9,2663
2014-01-03T02:30:00,P9,2579
2014-01-03T03:00:00,P9,2536
2014-01-03T03:30:00,P9,2472
2014-01-03T04:00:00,P9,2455
2014-01-03T04:30:00,P9,2407
2014-01-03T05:00:00,P9,2411
2014-01-03T05:30:00,P9,2408
2014-01-03T06:00:00,P9,2360
2014-01-03T06:30:00,P9,2375
2014-01-03T07:00:00,P9,2396
2014-01-03T07:30:00,P9,2468
2014-01-03T08:00:00,P9,2558
2014-01-03T08:30:00,P9,2662
2014-01-03T09:00:00,P9,2773
2014-01-03T09:30:00,P9,2915
2014-01-03T10:00:00,P9,3054
2014-01-03T10:30:00,P9,3184
2014-01-03T11:00:00,P9,3294
2014-01-03T11:30:00,P9,3299
2014-01-03T12:00:00,P9,3305
2014-01-03T12:30:00,P9,3241
2014-01-03T13:00:00,P9,3274
2014-01-03T13:30:00,P9,3432
2014-01-03T14:00:00,P9,3451
2014-01-03T14:30:00,P9,3386
2014-01-03T15:00:00,P9,3343
2014-01-03T15:30:00,P9,3325
2014-01-03T16:00:00,P9,3289
2014-01-03T16:30:00,P9,3289
2014-01-03T17:00:00,P9,3330
2014-01-03T17:30:00,P9,3406
2014-01-03T18:00:00,P9,3469
2014-01-03T18:30:00,P9,3482
2014-01-03T19:00:00,P9,3462
2014-01-03T19:30:00,P9,3398
2014-01-03T20:00:00,P9,3318
2014-01-03T20:30:00,P9,3342
2014-01-03T21:00:00,P9,3332
2014-01-03T21:30:00,P9,3335
2014-01-03T22:00:00,P9,3338
2014-01-03T22:30:00,P9,3317
2014-01-03T23:00:00,P9,3212
2014-01-03T23:30:00,P9,3182
2014-01-04T00:00:00,P9,3083
2014-01-04T00:30:00,P9,2978
2014-01-04T01:00:00,P9,2942
2014-01-04T01:30:00,P9,2809
2014-01-04T02:00:00,P9,2660
2014-01-04T02:30:00,P9,2608
2014-01-04T03:00:00,P9,2516
2014-01-04T03:30:00,P9,2545
2014-01-04T04:00:00,P9,2495
2014-01-04T04:30:00,P9,2472
2014-01-04T05:00:00,P9,2436
2014-01-04T05:30:00,P9,2381
2014-01-04T06:00:00,P9,2371
2014-01-04T06:30:00,P9,2368
2014-01-04T07:00:00,P9,2436
2014-01-04T07:30:00,P9,2459
2014-01-04T08:00:00,P9,2519
2014-01-04T08:30:00,P9,2642
2014-01-04T09:00:00,P9,2773
2014-01-04T09:30:00,P9,2906
2014-01-04T10:00:00,P9,3052
2014-01-04T10:30:00,P9,3125
2014-01-04T11:00:00,P9,3211
2014-01-04T11:30:00,P9,3245
2014-01-04T12:00:00,P9,3301
2014-01-04T12:30:00,P9,3185
2014-01-04T13:00:00,P9,3239
2014-01-04T13:30:00,P9,3312
2014-01-04T14:00:00,P9,3308
2014-01-04T14:30:00,P9,3347
2014-01-04T15:00:00,P9,3355
2014-01-04T15:30:00,P9,3366
2014-01-04T16:00:00,P9,3322
2014-01-04T16:30:00,P9,3338
2014-01-04T17:00:00,P9,3371
2014-01-04T17:30:00,P9,3366
2014-01-04T18:00:00,P9,3497
2014-01-04T18:30:00,P9,3463
2014-01-04T19:00:00,P9,3485
2014-01-04T19:30:00,P9,3400
2014-01-04T20:00:00,P9,3366
2014-01-04T20:30:00,P9,3354
2014-01-04T21:00:00,P9,3354
2014-01-04T21:30:00,P9,3376
2014-01-04T22:00:00,P9,3335
2014-01-04T22:30:00,P9,3269
2014-01-04T23:00:00,P9,3186
2014-01-04T23:30:00,P9,3151
2014-01-05T00:00:00,P9,3035
2014-01-05T00:30:00,P9,2969
2014-01-05T01:00:00,P9,2872
2014-01-05T01:30:00,P9,2707
2014-01-05T02:00:00,P9,2638
2014-01-05T02:30:00,P9,2546
2014-01-05T03:00:00,P9,2531
2014-01-05T03:30:00,P9,2462
2014-01-05T04:00:00,P9,2440
2014-01-05T04:30:00,P9,2396
2014-01-05T05:00:00,P9,2383
2014-01-05T05:30:00,P9,2392
2014-01-05T06:00:00,P9,2411
2014-01-05T06:30:00,P9,2383
2014-01-05T07:00:00,P9,2393
2014-01-05T07:30:00,P9,2414
2014-01-05T08:00:00,P9,2477
2014-01-05T08:30:00,P9,2546
2014-01-05T09:00:00,P9,2717
2014-01-05T09:30:00,P9,2846
2014-01-05T10:00:00,P9,2947
2014-01-05T10:30:00,P9,3005
2014-01-05T11:00:00,P9,3055
2014-01-05T11:30:00,P9,3070
2014-01-05T12:00:00,P9,3102
2014-01-05T12:30:00,P9,3089
2014-01-05T13:00:00,P9,3142
2014-01-05T13:30:00,P9,3160
2014-01-05T14:00:00,P9,3125
2014-01-05T14:30:00,P9,3143
2014-01-05T15:00:00,P9,3142
2014-01-05T15:30:00,P9,3098
2014-01-05T16:00:00,P9,3167
2014-01-05T16:30:00,P9,3186
2014-01-05T17:00:00,P9,3186
2014-01-05T17:30:00,P9,3214
2014-01-05T18:00:00,P9,3272
2014-01-05T18:30:00,P9,3326
2014-01-05T19:00:00,P9,3296
2014-01-05T19:30:00,P9,3274
2014-01-05T20:00:00,P9,3281
2014-01-05T20:30:00,P9,3290
2014-01-05T21:00:00,P9,3282
2014-01-05T21:30:00,P9,3268
2014-01-05T22:00:00,P9,3248
2014-01-05T22:30:00,P9,3188
2014-01-05T23:00:00,P9,3139
2014-01-05T23:30:00,P9,3044
2014-01-06T00:00:00,P9,2956
2014-01-06T00:30:00,P9,2866
2014-01-06T01:00:00,P9,2774
2014-01-06T01:30:00,P9,2695
2014-01-06T02:00:00,P9,2636
2014-01-06T02:30:00,P9,2543
2014-01-06T03:00:00,P9,2446
2014-01-06T03:30:00,P9,2416
2014-01-06T04:00:00,P9,2375
2014-01-06T04:30:00,P9,2363
2014-01-06T05:00:00,P9,2324
2014-01-06T05:30:00,P9,2308
2014-01-06T06:00:00,P9,2320
2014-01-06T06:30:00,P9,2351
2014-01-06T07:00:00,P9,2374
2014-01-06T07:30:00,P9,2442
2014-01-06T08:00:00,P9,2497
2014-01-06T08:30:00,P9,2623
2014-01-06T09:00:00,P9,2746
2014-01-06T09:30:00,P9,2902
2014-01-06T10:00:00,P9,3028
2014-01-06T10:30:00,P9,3071
2014-01-06T11:00:00,P9,3158
2014-01-06T11:30:00,P9,3275
2014-01-06T12:00:00,P9,3296
2014-01-06T12:30:00,P9,3143
2014-01-06T13:00:00,P9,3133
2014-01-06T13:30:00,P9,3264
2014-01-06T14:00:00,P9,3299
2014-01-06T14:30:00,P9,3293
2014-01-06T15:00:00,P9,3284
2014-01-06T15:30:00,P9,3340
2014-01-06T16:00:00,P9,3269
2014-01-06T16:30:00,P9,3284
2014-01-06T17:00:00,P9,3299
2014-01-06T17:30:00,P9,3377
2014-01-06T18:00:00,P9,3445
2014-01-06T18:30:00,P9,3445
2014-01-06T19:00:00,P9,3464
2014-01-06T19:30:00,P9,3414
2014-01-06T20:00:00,P9,3374
2014-01-06T20:30:00,P9,3425
2014-01-06T21:00:00,P9,3370
2014-01-06T21:30:00,P9,3341
2014-01-06T22:00:00,P9,3292
2014-01-06T22:30:00,P9,3206
2014-01-06T23:00:00,P9,3134
2014-01-06T23:30:00,P9,3116
2014-01-07T00:00:00,P9,3053
2014-01-07T00:30:00,P9,2899
2014-01-07T01:00:00,P9,2748
2014-01-07T01:30:00,P9,2714
2014-01-07T02:00:00,P9,2696
2014-01-07T02:30:00,P9,2638
2014-01-07T03:00:00,P9,2563
2014-01-07T03:30:00,P9,2498
2014-01-07T04:00:00,P9,2437
2014-01-07T04:30:00,P9,2407
2014-01-07T05:00:00,P9,2351
2014-01-07T05:30:00,P9,2366
2014-01-07T06:00:00,P9,2399
2014-01-07T06:30:00,P9,2408
2014-01-07T07:00:00,P9,2434
2014-01-07T07:30:00,P9,2450
2014-01-07T08:00:00,P9,2509
2014-01-07T08:30:00,P9,2573
2014-01-07T09:00:00,P9,2696
2014-01-07T09:30:00,P9,2803
2014-01-07T10:00:00,P9,2878
2014-01-07T10:30:00,P9,2971
2014-01-07T11:00:00,P9,3071
2014-01-07T11:30:00,P9,3084
2014-01-07T12:00:00,P9,3155
2014-01-07T12:30:00,P9,3126
2014-01-07T13:00:00,P9,3164
2014-01-07T13:30:00,P9,3242
2014-01-07T14:00:00,P9,3182
2014-01-07T14:30:00,P9,3193
2014-01-07T15:00:00,P9,3187
2014-01-07T15:30:00,P9,3144
2014-01-07T16:00:00,P9,3119
2014-01-07T16:30:00,P9,3164
2014-01-07T17:00:00,P9,3238
2014-01-07T17:30:00,P9,3256
2014-01-07T18:00:00,P9,3344
2014-01-07T18:30:00,P9,3314
2014-01-07T19:00:00,P9,3257
2014-01-07T19:30:00,P9,3217
2014-01-07T20:00:00,P9,3245
2014-01-07T20:30:00,P9,3210
2014-01-07T21:00:00,P9,3235
2014-01-07T21:30:00,P9,3229
2014-01-07T22:00:00,P9,3144
2014-01-07T22:30:00,P9,3110
2014-01-07T23:00:00,P9,3088
2014-01-07T23:30:00,P9,3050
2014-01-08T00:00:00,P9,2963
2014-01-08T00:30:00,P9,2836
2014-01-08T01:00:00,P9,2726
2014-01-08T01:30:00,P9,2672
2014-01-08T02:00:00,P9,2622
2014-01-08T02:30:00,P9,2573
2014-01-08T03:00:00,P9,2530
2014-01-08T03:30:00,P9,2450
2014-01-08T04:00:00,P9,2396
2014-01-08T04:30:00,P9,2344
2014-01-08T05:00:00,P9,2347
2014-01-08T05:30:00,P9,2318
2014-01-08T06:00:00,P9,2375
2014-01-08T06:30:00,P9,2406
2014-01-08T07:00:00,P9,2394
2014-01-08T07:30:00,P9,2405
2014-01-08T08:00:00,P9,2438
2014-01-08T08:30:00,P9,2570
2014-01-08T09:00:00,P9,2753
2014-01-08T09:30:00,P9,2872
2014-01-08T10:00:00,P9,2954
2014-01-08T10:30:00,P9,3060
2014-01-08T11:00:00,P9,3088
2014-01-08T11:30:00,P9,3082
2014-01-08T12:00:00,P9,3116
2014-01-08T12:30:00,P9,3032
2014-01-08T13:00:00,P9,3119
2014-01-08T13:30:00,P9,3199
2014-01-08T14:00:00,P9,3211
2014-01-08T14:30:00,P9,3244
2014-01-08T15:00:00,P9,3236
2014-01-08T15:30:00,P9,3205
2014-01-08T16:00:00,P9,3184
2014-01-08T16:30:00,P9,3163
2014-01-08T17:00:00,P9,4322
2014-01-08T17:30:00,P9,4806
2014-01-08T18:00:00,P9,4902
2014-01-08T18:30:00,P9,4652
2014-01-08T19:00:00,P9,3840
2014-01-08T19:30:00,P9,3347
2014-01-08T20:00:00,P9,3301
2014-01-08T20:30:00,P9,3221
2014-01-08T21:00:00,P9,3245
2014-01-08T21:30:00,P9,3215
2014-01-08T22:00:00,P9,3145
2014-01-08T22:30:00,P9,3070
2014-01-08T23:00:00,P9,2995
2014-01-08T23:30:00,P9,2932
2014-01-09T00:00:00,P9,2834
2014-01-09T00:30:00,P9,2677
2014-01-09T01:00:00,P9,2608
2014-01-09T01:30:00,P9,2500
2014-01-09T02:00:00,P9,2494
2014-01-09T02:30:00,P9,2442
2014-01-09T03:00:00,P9,2382
2014-01-09T03:30:00,P9,2323
2014-01-09T04:00:00,P9,2261
2014-01-09T04:30:00,P9,2305
2014-01-09T05:00:00,P9,2260
2014-01-09T05:30:00,P9,2260
2014-01-09T06:00:00,P9,2333
2014-01-09T06:30:00,P9,2374
2014-01-09T07:00:00,P9,2417
2014-01-09T07:30:00,P9,2532
2014-01-09T08:00:00,P9,2609
2014-01-09T08:30:00,P9,2734
2014-01-09T09:00:00,P9,2839
2014-01-09T09:30:00,P9,2945
2014-01-09T10:00:00,P9,3008
2014-01-09T10:30:00,P9,3053
2014-01-09T11:00:00,P9,3019
2014-01-09T11:30:00,P9,3011
2014-01-09T12:00:00,P9,2962
2014-01-09T12:30:00,P9,2886
2014-01-09T13:00:00,P9,2874
2014-01-09T13:30:00,P9,2952
2014-01-09T14:00:00,P9,2947
2014-01-09T14:30:00,P9,2953
2014-01-09T15:00:00,P9,2940
2014-01-09T15:30:00,P9,2981
2014-01-09T16:00:00,P9,2952
2014-01-09T16:30:00,P9,2945
2014-01-09T17:00:00,P9,3023
2014-01-09T17:30:00,P9,3056
2014-01-09T18:00:00,P9,3162
2014-01-09T18:30:00,P9,3167
2014-01-09T19:00:00,P9,3168
2014-01-09T19:30:00,P9,3156
2014-01-09T20:00:00,P9,3145
2014-01-09T20:30:00,P9,3119
2014-01-09T21:00:00,P9,3116
2014-01-09T21:30:00,P9,3112
2014-01-09T22:00:00,P9,3056
2014-01-09T22:30:00,P9,3019
2014-01-09T23:00:00,P9,2934
2014-01-09T23:30:00,P9,2892
2014-01-10T00:00:00,P9,2827
2014-01-10T00:30:00,P9,2694
2014-01-10T01:00:00,P9,2612
2014-01-10T01:30:00,P9,2492
2014-01-10T02:00:00,P9,2497
2014-01-10T02:30:00,P9,2394
2014-01-10T03:00:00,P9,2365
2014-01-10T03:30:00,P9,2322
2014-01-10T04:00:00,P9,2264
2014-01-10T04:30:00,P9,2306
2014-01-10T05:00:00,P9,2267
2014-01-10T05:30:00,P9,2280
2014-01-10T06:00:00,P9,2314
2014-01-10T06:30:00,P9,2333
2014-01-10T07:00:00,P9,2416
2014-01-10T07:30:00,P9,2530
2014-01-10T08:00:00,P9,2672
2014-01-10T08:30:00,P9,2744
2014-01-10T09:00:00,P9,2830
2014-01-10T09:30:00,P9,2946
2014-01-10T10:00:00,P9,3006
2014-01-10T10:30:00,P9,3091
2014-01-10T11:00:00,P9,3106
2014-01-10T11:30:00,P9,3102
2014-01-10T12:00:00,P9,3062
2014-01-10T12:30:00,P9,2995
2014-01-10T13:00:00,P9,2942
2014-01-10T13:30:00,P9,3054
2014-01-10T14:00:00,P9,3026
2014-01-10T14:30:00,P9,3000
2014-01-10T15:00:00,P9,2998
2014-01-10T15:30:00,P9,3028
2014-01-10T16:00:00,P9,3053
2014-01-10T16:30:00,P9,2999
2014-01-10T17:00:00,P9,3078
2014-01-10T17:30:00,P9,3138
2014-01-10T18:00:00,P9,3226
2014-01-10T18:30:00,P9,3238
2014-01-10T19:00:00,P9,3244
2014-01-10T19:30:00,P9,3258
2014-01-10T20:00:00,P9,3232
2014-01-10T20:30:00,P9,3233
2014-01-10T21:00:00,P9,3198
2014-01-10T21:30:00,P9,3178
2014-01-10T22:00:00,P9,3169
2014-01-10T22:30:00,P9,3128
2014-01-10T23:00:00,P9,3077
2014-01-10T23:30:00,P9,3005
2014-01-11T00:00:00,P9,2936
2014-01-11T00:30:00,P9,2824
2014-01-11T01:00:00,P9,2713
2014-01-11T01:30:00,P9,2701
2014-01-11T02:00:00,P9,2590
2014-01-11T02:30:00,P9,2527
2014-01-11T03:00:00,P9,2458
2014-01-11T03:30:00,P9,2461
2014-01-11T04:00:00,P9,2438
2014-01-11T04:30:00,P9,2402
2014-01-11T05:00:00,P9,2400
2014-01-11T05:30:00,P9,2372
2014-01-11T06:00:00,P9,2422
2014-01-11T06:30:00,P9,2429
2014-01-11T07:00:00,P9,2437
2014-01-11T07:30:00,P9,2526
2014-01-11T08:00:00,P9,2614
2014-01-11T08:30:00,P9,2716
2014-01-11T09:00:00,P9,2875
2014-01-11T09:30:00,P9,2963
2014-01-11T10:00:00,P9,3086
2014-01-11T10:30:00,P9,3245
2014-01-11T11:00:00,P9,3290
2014-01-11T11:30:00,P9,3344
2014-01-11T12:00:00,P9,3343
2014-01-11T12:30:00,P9,3338
2014-01-11T13:00:00,P9,3364
2014-01-11T13:30:00,P9,3436
2014-01-11T14:00:00,P9,3449
2014-01-11T14:30:00,P9,3424
2014-01-11T15:00:00,P9,3426
2014-01-11T15:30:00,P9,3391
2014-01-11T16:00:00,P9,3380
2014-01-11T16:30:00,P9,3342
2014-01-11T17:00:00,P9,3300
2014-01-11T17:30:00,P9,3354
2014-01-11T18:00:00,P9,3475
2014-01-11T18:30:00,P9,3553
2014-01-11T19:00:00,P9,3616
2014-01-11T19:30:00,P9,3571
2014-01-11T20:00:00,P9,3580
2014-01-11T20:30:00,P9,3598
2014-01-11T21:00:00,P9,3580
2014-01-11T21:30:00,P9,3564
2014-01-11T22:00:00,P9,3520
2014-01-11T22:30:00,P9,3460
2014-01-11T23:00:00,P9,3380
2014-01-11T23:30:00,P9,3359
2014-01-12T00:00:00,P9,3258
2014-01-12T00:30:00,P9,3125
2014-01-12T01:00:00,P9,3018
2014-01-12T01:30:00,P9,2959
2014-01-12T02:00:00,P9,2912
2014-01-12T02:30:00,P9,2839
2014-01-12T03:00:00,P9,2774
2014-01-12T03:30:00,P9,2706
2014-01-12T04:00:00,P9,2675
2014-01-12T04:30:00,P9,2634
2014-01-12T05:00:00,P9,2599
2014-01-12T05:30:00,P9,2612
2014-01-12T06:00:00,P9,2621
2014-01-12T06:30:00,P9,2597
2014-01-12T07:00:00,P9,2636
2014-01-12T07:30:00,P9,2652
2014-01-12T08:00:00,P9,2710
2014-01-12T08:30:00,P9,2810
2014-01-12T09:00:00,P9,2957
2014-01-12T09:30:00,P9,3074
2014-01-12T10:00:00,P9,3155
2014-01-12T10:30:00,P9,3180
2014-01-12T11:00:00,P9,3284
2014-01-12T11:30:00,P9,3349
2014-01-12T12:00:00,P9,3389
2014-01-12T12:30:00,P9,3380
2014-01-12T13:00:00,P9,3366
2014-01-12T13:30:00,P9,3433
2014-01-12T14:00:00,P9,3415
2014-01-12T14:30:00,P9,3397
2014-01-12T15:00:00,P9,3434
2014-01-12T15:30:00,P9,3422
2014-01-12T16:00:00,P9,3360
2014-01-12T16:30:00,P9,3422
2014-01-12T17:00:00,P9,3400
2014-01-12T17:30:00,P9,3377
2014-01-12T18:00:00,P9,3480
2014-01-12T18:30:00,P9,3613
2014-01-12T19:00:00,P9,3552
2014-01-12T19:30:00,P9,3588
2014-01-12T20:00:00,P9,3587
2014-01-12T20:30:00,P9,3644
2014-01-12T21:00:00,P9,3659
2014-01-12T21:30:00,P9,3666
2014-01-12T22:00:00,P9,3606
2014-01-12T22:30:00,P9,3548
2014-01-12T23:00:00,P9,3466
2014-01-12T23:30:00,P9,3374
2014-01-13T00:00:00,P9,3292
2014-01-13T00:30:00,P9,3172
2014-01-13T01:00:00,P9,3053
2014-01-13T01:30:00,P9,3050
2014-01-13T02:00:00,P9,2972
2014-01-13T02:30:00,P9,2906
2014-01-13T03:00:00,P9,2842
2014-01-13T03:30:00,P9,2831
2014-01-13T04:00:00,P9,2816
2014-01-13T04:30:00,P9,2808
2014-01-13T05:00:00,P9,2767
2014-01-13T05:30:00,P9,2714
2014-01-13T06:00:00,P9,2828
2014-01-13T06:30:00,P9,2881
2014-01-13T07:00:00,P9,3016
2014-01-13T07:30:00,P9,3148
2014-01-13T08:00:00,P9,3270
2014-01-13T08:30:00,P9,3366
2014-01-13T09:00:00,P9,3414
2014-01-13T09:30:00,P9,3468
2014-01-13T10:00:00,P9,3595
2014-01-13T10:30:00,P9,3586
2014-01-13T11:00:00,P9,3583
2014-01-13T11:30:00,P9,3574
2014-01-13T12:00:00,P9,3539
2014-01-13T12:30:00,P9,3412
2014-01-13T13:00:00,P9,3403
2014-01-13T13:30:00,P9,3481
2014-01-13T14:00:00,P9,3473
2014-01-13T14:30:00,P9,3492
2014-01-13T15:00:00,P9,3480
2014-01-13T15:30:00,P9,3425
2014-01-13T16:00:00,P9,3436
2014-01-13T16:30:00,P9,3482
2014-01-13T17:00:00,P9,3577
2014-01-13T17:30:00,P9,3646
2014-01-13T18:00:00,P9,3742
2014-01-13T18:30:00,P9,3782
2014-01-13T19:00:00,P9,3770
2014-01-13T19:30:00,P9,3770
2014-01-13T20:00:00,P9,3793
2014-01-13T20:30:00,P9,3808
2014-01-13T21:00:00,P9,3788
2014-01-13T21:30:00,P9,3770
2014-01-13T22:00:00,P9,3776
2014-01-13T22:30:00,P9,3740
2014-01-13T23:00:00,P9,3604
2014-01-13T23:30:00,P9,3456
2014-01-14T00:00:00,P9,3373
2014-01-14T00:30:00,P9,3256
2014-01-14T01:00:00,P9,3160
2014-01-14T01:30:00,P9,3127
2014-01-14T02:00:00,P9,3053
2014-01-14T02:30:00,P9,2982
2014-01-14T03:00:00,P9,2922
2014-01-14T03:30:00,P9,2875
2014-01-14T04:00:00,P9,2857
2014-01-14T04:30:00,P9,2854
2014-01-14T05:00:00,P9,2806
2014-01-14T05:30:00,P9,2834
2014-01-14T06:00:00,P9,2898
2014-01-14T06:30:00,P9,2930
2014-01-14T07:00:00,P9,3022
2014-01-14T07:30:00,P9,3181
2014-01-14T08:00:00,P9,3298
2014-01-14T08:30:00,P9,3407
2014-01-14T09:00:00,P9,3516
2014-01-14T09:30:00,P9,3648
2014-01-14T10:00:00,P9,3698
2014-01-14T10:30:00,P9,3758
2014-01-14T11:00:00,P9,3683
2014-01-14T11:30:00,P9,3635
2014-01-14T12:00:00,P9,3634
2014-01-14T12:30:00,P9,3557
2014-01-14T13:00:00,P9,3535
2014-01-14T13:30:00,P9,3556
2014-01-14T14:00:00,P9,3503
2014-01-14T14:30:00,P9,3568
2014-01-14T15:00:00,P9,3562
2014-01-14T15:30:00,P9,3559
2014-01-14T16:00:00,P9,3576
2014-01-14T16:30:00,P9,3637
2014-01-14T17:00:00,P9,3630
2014-01-14T17:30:00,P9,3638
2014-01-14T18:00:00,P9,3720
2014-01-14T18:30:00,P9,3700
2014-01-14T19:00:00,P9,3740
2014-01-14T19:30:00,P9,3763
2014-01-14T20:00:00,P9,3832
2014-01-14T20:30:00,P9,3816
2014-01-14T21:00:00,P9,3858
2014-01-14T21:30:00,P9,3814
2014-01-14T22:00:00,P9,3742
2014-01-14T22:30:00,P9,3634
2014-01-14T23:00:00,P9,3553
2014-01-14T23:30:00,P9,3486
2014-01-15T00:00:00,P9,3404
2014-01-15T00:30:00,P9,3253
2014-01-15T01:00:00,P9,3136
2014-01-15T01:30:00,P9,3043
2014-01-15T02:00:00,P9,2975
2014-01-15T02:30:00,P9,2932
2014-01-15T03:00:00,P9,2887
2014-01-15T03:30:00,P9,2857
2014-01-15T04:00:00,P9,2842
2014-01-15T04:30:00,P9,2808
2014-01-15T05:00:00,P9,2840
2014-01-15T05:30:00,P9,2885
2014-01-15T06:00:00,P9,2904
2014-01-15T06:30:00,P9,2945
2014-01-15T07:00:00,P9,3025
2014-01-15T07:30:00,P9,3166
2014-01-15T08:00:00,P9,3356
2014-01-15T08:30:00,P9,3398
2014-01-15T09:00:00,P9,3488
2014-01-15T09:30:00,P9,3581
2014-01-15T10:00:00,P9,3653
2014-01-15T10:30:00,P9,3655
2014-01-15T11:00:00,P9,3676
2014-01-15T11:30:00,P9,3659
2014-01-15T12:00:00,P9,3652
2014-01-15T12:30:00,P9,3566
2014-01-15T13:00:00,P9,3541
2014-01-15T13:30:00,P9,3611
2014-01-15T14:00:00,P9,3730
2014-01-15T14:30:00,P9,3650
2014-01-15T15:00:00,P9,3616
2014-01-15T15:30:00,P9,3586
2014-01-15T16:00:00,P9,3587
2014-01-15T16:30:00,P9,3683
2014-01-15T17:00:00,P9,3725
2014-01-15T17:30:00,P9,3744
2014-01-15T18:00:00,P9,3833
2014-01-15T18:30:00,P9,3856
2014-01-15T19:00:00,P9,3954
2014-01-15T19:30:00,P9,3968
2014-01-15T20:00:00,P9,3958
2014-01-15T20:30:00,P9,3910
2014-01-15T21:00:00,P9,3888
2014-01-15T21:30:00,P9,3691
2014-01-15T22:00:00,P9,3628
2014-01-15T22:30:00,P9,3580
2014-01-15T23:00:00,P9,3643
2014-01-15T23:30:00,P9,3556
2014-01-16T00:00:00,P9,3468
2014-01-16T00:30:00,P9,3358
2014-01-16T01:00:00,P9,3242
2014-01-16T01:30:00,P9,3152
2014-01-16T02:00:00,P9,3055
2014-01-16T02:30:00,P9,2980
2014-01-16T03:00:00,P9,3010
2014-01-16T03:30:00,P9,2970
2014-01-16T04:00:00,P9,2962
2014-01-16T04:30:00,P9,2940
2014-01-16T05:00:00,P9,2953
2014-01-16T05:30:00,P9,2972
2014-01-16T06:00:00,P9,2989
2014-01-16T06:30:00,P9,3071
2014-01-16T07:00:00,P9,3120
2014-01-16T07:30:00,P9,3230
2014-01-16T08:00:00,P9,3397
2014-01-16T08:30:00,P9,3526
2014-01-16T09:00:00,P9,3533
2014-01-16T09:30:00,P9,3616
2014-01-16T10:00:00,P9,3766
2014-01-16T10:30:00,P9,3748
2014-01-16T11:00:00,P9,3684
2014-01-16T11:30:00,P9,3688
2014-01-16T12:00:00,P9,3592
2014-01-16T12:30:00,P9,3599
2014-01-16T13:00:00,P9,3556
2014-01-16T13:30:00,P9,3634
2014-01-16T14:00:00,P9,3612
2014-01-16T14:30:00,P9,3587
2014-01-16T15:00:00,P9,3583
2014-01-16T15:30:00,P9,3556
2014-01-16T16:00:00,P9,3599
2014-01-16T16:30:00,P9,3618
2014-01-16T17:00:00,P9,3649
2014-01-16T17:30:00,P9,3674
2014-01-16T18:00:00,P9,3797
2014-01-16T18:30:00,P9,3881
2014-01-16T19:00:00,P9,3936
2014-01-16T19:30:00,P9,3966
2014-01-16T20:00:00,P9,3906
2014-01-16T20:30:00,P9,3934
2014-01-16T21:00:00,P9,3952
2014-01-16T21:30:00,P9,3930
2014-01-16T22:00:00,P9,3784
2014-01-16T22:30:00,P9,3745
2014-01-16T23:00:00,P9,3516
2014-01-16T23:30:00,P9,3394
2014-01-17T00:00:00,P9,3289
2014-01-17T00:30:00,P9,3136
2014-01-17T01:00:00,P9,2994
2014-01-17T01:30:00,P9,2947
2014-01-17T02:00:00,P9,3010
2014-01-17T02:30:00,P9,3046
2014-01-17T03:00:00,P9,2996
2014-01-17T03:30:00,P9,2976
2014-01-17T04:00:00,P9,2976
2014-01-17T04:30:00,P9,2958
2014-01-17T05:00:00,P9,2928
2014-01-17T05:30:00,P9,2952
2014-01-17T06:00:00,P9,2972
2014-01-17T06:30:00,P9,3035
